run_id;date;parent_run_id;status;accepted_or_rejected;main_parameter;main_to;dependent_parameter;dependent_to;strategy_family;profile_mode;min_spy_channel_r2;max_avg_profile_distance;enable_close_vs_sma50_filter;max_close_vs_sma50_pct;top_candidates_next_week;w8_weeks_traded;w24_weeks_traded;w52_weeks_traded;w8_trades;w24_trades;w52_trades;w8_wins;w24_wins;w52_wins;w8_losses;w24_losses;w52_losses;w8_ties;w24_ties;w52_ties;w8_avg_net_return_pct;w24_avg_net_return_pct;w52_avg_net_return_pct;w8_total_net_pnl_dollars;w24_total_net_pnl_dollars;w52_total_net_pnl_dollars;w8_spy_compare;w24_spy_compare;w52_spy_compare;run_dir
EXP_001;2026-04-07 15:59:07;BASELINE_CLEAN;run_partial_valid;rejected;ENABLE_CLOSE_VS_SMA50_FILTER;True;MAX_CLOSE_VS_SMA50_PCT;0.5;profile_match;p25_p75;0,55;0,2;True;0,5;5;2;3;16;10;15;80;6;8;20;0;2;31;4;5;29;4,92;4,18666666667;0,82;246;314;328;4,41595441052;2,87480241439;0,409760772026;C:\Pythons\ML-Trading\Base_Archivos_SPY\multi_agent_runs\EXP_001_260407133658
EXP_002;2026-04-07 16:58:34;BASELINE_CLEAN;run_partial_valid;accepted;PROFILE_MODE;zscore_distance;ENABLE_AVG_PROFILE_DISTANCE_GATE;False;profile_match;zscore_distance;0,55;0,2;False;1,5;5;4;6;30;20;25;145;11;14;53;5;6;47;4;5;45;2,22;2,92;2,29200206897;222;365;1661,7015;1,78619859724;1,3757347678;1,69080827705;C:\Pythons\ML-Trading\Base_Archivos_SPY\multi_agent_runs\EXP_002_260407160742
EXP_003;2026-04-07 17:41:04;EXP_002;run_partial_valid;rejected;TOP_SIMILAR_SPY_WEEKS;16;;;profile_match;zscore_distance;0,55;0,2;False;1,5;5;4;6;30;20;25;145;9;11;43;6;8;52;5;6;50;1,52;1,36;1,20965517241;152;170;877;1,08619859724;-0,184265232205;0,608461380495;C:\Pythons\ML-Trading\Base_Archivos_SPY\multi_agent_runs\EXP_003_260407171020
EXP_004;2026-04-07 18:26:11;EXP_002;run_partial_valid;rejected;TOP_SIMILAR_SPY_WEEKS;16;;;profile_match;zscore_distance;0,55;0,2;False;1,5;5;4;6;30;20;25;145;9;11;43;6;8;52;5;6;50;1,52;1,36;1,20965517241;152;170;877;1,08619859724;-0,184265232205;0,608461380495;C:\Pythons\ML-Trading\Base_Archivos_SPY\multi_agent_runs\EXP_004_260407175258
EXP_005;2026-04-07 19:11:10;EXP_002;run_partial_valid;rejected;TOP_SIMILAR_SPY_WEEKS;16;;;profile_match;zscore_distance;0,55;0,2;False;1,5;5;4;6;30;20;25;145;9;11;43;6;8;52;5;6;50;1,52;1,36;1,20965517241;152;170;877;1,08619859724;-0,184265232205;0,608461380495;C:\Pythons\ML-Trading\Base_Archivos_SPY\multi_agent_runs\EXP_005_260407183805
EXP_006;2026-04-07 20:01:07;EXP_002;run_partial_valid;rejected;TOP_SIMILAR_SPY_WEEKS;16;;;profile_match;zscore_distance;0,55;0,2;False;1,5;5;4;6;30;20;25;145;9;11;43;6;8;52;5;6;50;1,52;1,36;1,20965517241;152;170;877;1,08619859724;-0,184265232205;0,608461380495;C:\Pythons\ML-Trading\Base_Archivos_SPY\multi_agent_runs\EXP_006_260407192312
EXP_007;2026-04-07 21:01:49;EXP_002;run_partial_valid;rejected;TOP_CANDIDATES_NEXT_WEEK;2;;;profile_match;zscore_distance;0,55;0,2;False;1,5;2;4;6;30;8;10;58;5;7;22;2;2;19;1;1;17;2,77;3,62;1,88206896552;110,8;181;545,8;2,33619859724;2,0757347678;1,2808751736;C:\Pythons\ML-Trading\Base_Archivos_SPY\multi_agent_runs\EXP_007_260407200820
EXP_008;2026-04-07 21:54:56;EXP_002;run_partial_valid;rejected;TOP_CANDIDATES_NEXT_WEEK;4;;;profile_match;zscore_distance;0,55;0,2;False;1,5;4;4;6;30;16;20;116;9;12;39;4;5;42;3;3;35;1,895;2,92;1,45965517241;151,6;292;846,6;1,46119859724;1,3757347678;0,858461380495;C:\Pythons\ML-Trading\Base_Archivos_SPY\multi_agent_runs\EXP_008_260407210831
EXP_010;2026-04-07 22:53:36;EXP_002;run_partial_valid;rejected;TOP_CANDIDATES_NEXT_WEEK;3;;;profile_match;zscore_distance;0,55;0,2;False;1,5;3;4;6;30;12;15;87;8;11;31;2;2;30;2;2;26;3,02;4,65333333333;1,65793103448;181,2;349;721,2;2,58619859724;3,10906810113;1,05673724256;C:\Pythons\ML-Trading\Base_Archivos_SPY\multi_agent_runs\EXP_010_260407220919
EXP_012;2026-04-07 23:43:25;EXP_002;run_partial_valid;accepted;MIN_SPY_CHANNEL_R2;0.6;;;profile_match;zscore_distance;0,6;0,2;False;1,5;5;1;2;26;5;5;125;5;5;44;0;0;41;0;0;40;8,52;8,52;2,4155224;213;213;1509,7015;10,4559779941;7,1865468949;1,97563283944;C:\Pythons\ML-Trading\Base_Archivos_SPY\multi_agent_runs\EXP_012_260407225406
EXP_013;2026-04-08 00:50:13;EXP_012;run_ok;rejected;TOP_SIMILAR_SPY_WEEKS;16;;;profile_match;zscore_distance;0,6;0,2;False;1,5;5;8;24;26;40;120;125;14;32;37;12;44;44;14;44;44;2,62;1,17833333333;1,472;524;707;920;2,38184637139;0,812907401486;1,03211043944;C:\Pythons\ML-Trading\Base_Archivos_SPY\multi_agent_runs\EXP_013_260407235403
EXP_014;2026-04-08 01:54:43;EXP_012;run_ok;rejected;TOP_CANDIDATES_NEXT_WEEK;3;;;profile_match;zscore_distance;0,6;0,2;False;1,5;3;8;24;26;24;72;75;11;20;23;6;28;28;7;24;24;3,56166666667;1,03388888889;1,30666666667;427,4;372,2;490;3,32351303806;0,668462957042;0,866777106108;C:\Pythons\ML-Trading\Base_Archivos_SPY\multi_agent_runs\EXP_014_260408005030
EXP_015;2026-04-08 03:11:35;EXP_012;run_ok;accepted;MIN_SPY_CHANNEL_R2;0.5;;;profile_match;zscore_distance;0,5;0,2;False;1,5;5;8;24;34;40;120;160;18;39;58;11;41;54;11;40;48;4,295;2,16116916667;2,254741875;859;1296,7015;1803,7937;4,05684637139;1,79574323482;1,62782372951;C:\Pythons\ML-Trading\Base_Archivos_SPY\multi_agent_runs\EXP_015_260408020916
EXP_016;2026-04-08 04:00:58;EXP_015;run_ok;rejected;TOP_SIMILAR_SPY_WEEKS;16;;;profile_match;zscore_distance;0,5;0,2;False;1,5;5;8;24;34;40;120;160;14;32;47;12;44;58;14;44;55;2,62;1,17833333333;1,286365;524;707;1029,0922;2,38184637139;0,812907401486;0,659446854507;C:\Pythons\ML-Trading\Base_Archivos_SPY\multi_agent_runs\EXP_016_260408031151
EXP_017;2026-04-08 05:10:27;EXP_015;run_ok;rejected;TOP_CANDIDATES_NEXT_WEEK;3;;;profile_match;zscore_distance;0,5;0,2;False;1,5;3;8;24;34;24;72;96;11;20;33;6;28;36;7;24;27;3,56166666667;1,03388888889;1,52;427,4;372,2;729,6;3,32351303806;0,668462957042;0,893081854507;C:\Pythons\ML-Trading\Base_Archivos_SPY\multi_agent_runs\EXP_017_260408040928
EXP_019;2026-04-08 06:10:56;EXP_015;run_ok;rejected;MIN_SPY_CHANNEL_R2;0.47;;;profile_match;zscore_distance;0,47;0,2;False;1,5;5;8;24;35;40;120;165;18;39;59;11;41;56;11;40;50;4,295;2,16116916667;2,18399212121;859;1296,7015;1801,7937;4,05684637139;1,79574323482;1,5325166517;C:\Pythons\ML-Trading\Base_Archivos_SPY\multi_agent_runs\EXP_019_260408051057
EXP_040;2026-04-08 07:16:32;EXP_015;run_ok;rejected;TOP_CANDIDATES_NEXT_WEEK;2;;;profile_match;zscore_distance;0,5;0,2;False;1,5;2;8;24;34;16;48;64;7;15;22;3;17;24;6;16;18;3,02;1,52;1,285625;241,6;364,8;411,4;2,78184637139;1,15457406815;0,658706854507;C:\Pythons\ML-Trading\Base_Archivos_SPY\multi_agent_runs\EXP_040_260408061616
EXP_042;2026-04-08 08:18:45;EXP_015;run_ok;rejected;TOP_CANDIDATES_NEXT_WEEK;4;;;profile_match;zscore_distance;0,5;0,2;False;1,5;4;8;24;34;32;96;128;13;27;43;10;37;48;9;32;37;3,0825;1,15541666667;1,54826875;493,2;554,6;990,8922;2,84434637139;0,789990734819;0,921350604507;C:\Pythons\ML-Trading\Base_Archivos_SPY\multi_agent_runs\EXP_042_260408071705
EXP_044;2026-04-08 09:21:06;EXP_015;run_ok;rejected;ENABLE_CLOSE_VS_SMA50_FILTER;True;MAX_CLOSE_VS_SMA50_PCT;0.5;profile_match;zscore_distance;0,5;0,2;True;0,5;5;8;24;34;40;120;160;13;27;41;12;48;63;15;45;56;2,3418275;0,252275833333;0,575456875;468,3653;151,3653;460,3653;2,10367387139;-0,113150098514;-0,0514612704927;C:\Pythons\ML-Trading\Base_Archivos_SPY\multi_agent_runs\EXP_044_260408081915
EXP_045;2026-04-08 10:38:40;EXP_015;run_ok;rejected;ENABLE_AVG_PROFILE_DISTANCE_GATE;True;MAX_AVG_PROFILE_DISTANCE;0.22;profile_match;zscore_distance;0,5;0,22;False;1,5;5;6;20;24;30;100;120;15;33;40;9;37;44;6;30;36;4,88666666667;2,189403;2,14965583333;733;1094,7015;1289,7937;5,42321307184;1,90094525695;1,59120151997;C:\Pythons\ML-Trading\Base_Archivos_SPY\multi_agent_runs\EXP_045_260408092120
EXP_058;2026-04-08 12:22:20;EXP_015;run_error;rejected;TOP_SIMILAR_SPY_WEEKS;24;;;profile_match;zscore_distance;0,5;0,2;False;1,5;5;8;24;;40;120;;18;35;;12;45;;10;40;;3,895;1,41116916667;;779;846,7015;;3,65684637139;1,04574323482;;C:\Pythons\ML-Trading\Base_Archivos_SPY\multi_agent_runs\EXP_058_260408104311
EXP_059;2026-04-12 14:00:53;EXP_015;run_ok;rejected;TOP_SIMILAR_SPY_WEEKS;24;;;profile_match;zscore_distance;0,5;0,2;False;1,5;5;8;24;34;40;120;160;18;35;54;12;45;57;10;40;49;3,895;1,41116916667;1,729741875;779;846,7015;1383,7937;3,65684637139;1,04574323482;1,10282372951;C:\Pythons\ML-Trading\Base_Archivos_SPY\multi_agent_runs\EXP_059_260412124211
EXP_061;2026-04-12 14:37:06;EXP_015;run_ok;accepted;MIN_SPY_CHANNEL_R2;0.53;;;profile_match;zscore_distance;0,53;0,2;False;1,5;5;8;24;33;40;120;155;18;39;56;11;41;51;11;40;48;4,295;2,16116916667;2,35832451613;859;1296,7015;1827,7015;4,05684637139;1,79574323482;1,87274623597;C:\Pythons\ML-Trading\Base_Archivos_SPY\multi_agent_runs\EXP_061_260412140121
EXP_062;2026-04-12 16:30:57;EXP_061;run_ok;rejected;TOP_SIMILAR_SPY_WEEKS;24;;;profile_match;zscore_distance;0,53;0,2;False;1,5;5;8;24;33;40;120;155;18;35;52;12;45;54;10;40;49;3,895;1,41116916667;1,81638903226;779;846,7015;1407,7015;3,65684637139;1,04574323482;1,3308107521;C:\Pythons\ML-Trading\Base_Archivos_SPY\multi_agent_runs\EXP_062_260412151713
EXP_063;2026-04-12 17:03:07;EXP_061;run_ok;rejected;TOP_CANDIDATES_NEXT_WEEK;4;;;profile_match;zscore_distance;0,53;0,2;False;1,5;4;8;24;33;32;96;124;13;27;42;10;37;45;9;32;37;3,0825;1,15541666667;1,67322580645;493,2;554,6;1037,4;2,84434637139;0,789990734819;1,18764752629;C:\Pythons\ML-Trading\Base_Archivos_SPY\multi_agent_runs\EXP_063_260412163112
EXP_065;2026-04-21 21:20:13;EXP_061;run_ok;rejected;MIN_SPY_CHANNEL_R2;0.56;;;profile_match;zscore_distance;0,56;0,2;False;1,5;5;8;24;30;40;120;145;18;39;53;11;41;47;11;40;45;4,295;2,16116916667;2,29200206897;859;1296,7015;1661,7015;4,05684637139;1,79574323482;1,69080827705;C:\Pythons\ML-Trading\Base_Archivos_SPY\multi_agent_runs\EXP_065_260421201339
EXP_067;2026-04-21 23:18:52;BASELINE_CLEAN;run_ok;accepted;MIN_SPY_CHANNEL_R2;0.58;;;profile_match;p25_p75;0,58;0,2;False;1,5;5;7;22;25;35;110;125;16;31;39;8;42;44;11;37;42;4,70001714286;1,40455090909;1,7384048;822,5026;772,5026;1086,5026;4,63186560359;1,08403138719;1,29892391045;C:\Pythons\ML-Trading\Base_Archivos_SPY\multi_agent_runs\EXP_067_260421213020
EXP_068;2026-04-22 01:14:52;EXP_067;run_ok;accepted;TOP_SIMILAR_SPY_WEEKS;24;;;profile_match;p25_p75;0,58;0,2;False;1,5;5;7;22;25;35;110;125;17;34;43;9;40;42;9;36;40;4,8465;1,68752272727;1,97942;848,1373;928,1373;1237,1373;4,77834846073;1,36700320537;1,53993911045;C:\Pythons\ML-Trading\Base_Archivos_SPY\multi_agent_runs\EXP_068_260421232321
EXP_069;2026-04-22 02:10:04;EXP_068;run_ok;rejected;TOP_CANDIDATES_NEXT_WEEK;4;;;profile_match;p25_p75;0,58;0,2;False;1,5;4;8;24;27;32;96;108;15;27;33;6;35;37;11;34;38;5,095859375;1,56611979167;1,83877314815;815,3373;751,7373;992,9373;4,85770574639;1,20069385982;1,36818740292;C:\Pythons\ML-Trading\Base_Archivos_SPY\multi_agent_runs\EXP_069_260422011508
EXP_070;2026-04-22 03:04:34;EXP_068;run_ok;rejected;MAX_AVG_PROFILE_DISTANCE;0.17;;;profile_match;p25_p75;0,58;0,17;False;1,5;5;4;19;21;20;95;105;10;27;31;5;36;38;5;32;36;6,27;1,48842105263;1,57714285714;627;707;828;6,67295354038;1,22723397129;1,06123212874;C:\Pythons\ML-Trading\Base_Archivos_SPY\multi_agent_runs\EXP_070_260422021018
EXP_071;2026-04-22 03:59:13;EXP_068;run_ok;rejected;MAX_AVG_PROFILE_DISTANCE;0.18;;;profile_match;p25_p75;0,58;0,18;False;1,5;5;6;21;23;30;105;115;16;33;37;8;39;41;6;33;37;5,55333333333;1,73904761905;1,79826086957;833;913;1034;5,37829916607;1,37597268045;1,21147197994;C:\Pythons\ML-Trading\Base_Archivos_SPY\multi_agent_runs\EXP_071_260422030448
EXP_072;2026-04-22 04:54:03;EXP_068;run_ok;accepted;TOP_CANDIDATES_NEXT_WEEK;3;;;profile_match;p25_p75;0,58;0,2;False;1,5;3;8;24;27;24;72;81;13;25;30;5;25;27;6;22;24;6,43666666667;2,60333333333;2,7175308642;772,4;937,2;1100,6;6,19851303806;2,23790740149;2,24694511897;C:\Pythons\ML-Trading\Base_Archivos_SPY\multi_agent_runs\EXP_072_260422035928
EXP_074;2026-04-22 05:49:14;EXP_072;run_ok;accepted;TOP_CANDIDATES_NEXT_WEEK;2;;;profile_match;p25_p75;0,58;0,2;False;1,5;2;8;24;27;16;48;54;9;19;23;2;12;13;5;17;18;7,02;3,52;3,74222222222;561,6;844,8;1010,4;6,78184637139;3,15457406815;3,27163647699;C:\Pythons\ML-Trading\Base_Archivos_SPY\multi_agent_runs\EXP_074_260422045434
EXP_075;2026-04-22 06:44:23;EXP_074;run_ok;accepted;MAX_AVG_PROFILE_DISTANCE;0.17;;;profile_match;p25_p75;0,58;0,17;False;1,5;2;7;22;24;14;44;48;9;19;21;2;11;12;3;14;15;7,94857142857;3,92909090909;3,99916666667;556,4;864,4;959,8;7,8804198893;3,60857138719;3,46070832363;C:\Pythons\ML-Trading\Base_Archivos_SPY\multi_agent_runs\EXP_075_260422054929
EXP_076;2026-04-22 07:39:52;EXP_075;run_ok;accepted;MAX_AVG_PROFILE_DISTANCE;0.22;;;profile_match;p25_p75;0,58;0,22;False;1,5;2;8;24;27;16;48;54;9;19;23;2;12;13;5;17;18;7,02;3,52;3,74222222222;561,6;844,8;1010,4;6,78184637139;3,15457406815;3,27163647699;C:\Pythons\ML-Trading\Base_Archivos_SPY\multi_agent_runs\EXP_076_260422064439
EXP_078;2026-04-22 08:36:26;EXP_076;run_ok;accepted;TOP_CANDIDATES_NEXT_WEEK;5;;;profile_match;p25_p75;0,58;0,22;False;1,5;5;8;24;27;40;120;135;17;34;43;10;45;47;13;41;45;4,1556875;1,34022916667;1,64909259259;831,1373;804,1373;1113,1373;3,91753387139;0,974803234819;1,17850684736;C:\Pythons\ML-Trading\Base_Archivos_SPY\multi_agent_runs\EXP_078_260422074020
EXP_080;2026-04-22 09:34:59;EXP_078;run_ok;accepted;TOP_CANDIDATES_NEXT_WEEK;3;;;profile_match;p25_p75;0,58;0,22;False;1,5;3;8;24;27;24;72;81;13;25;30;5;25;27;6;22;24;6,43666666667;2,60333333333;2,7175308642;772,4;937,2;1100,6;6,19851303806;2,23790740149;2,24694511897;C:\Pythons\ML-Trading\Base_Archivos_SPY\multi_agent_runs\EXP_080_260422083656
EXP_082;2026-04-22 10:54:35;EXP_080;run_ok;accepted;MAX_AVG_PROFILE_DISTANCE;0.24;;;profile_match;p25_p75;0,58;0,24;False;1,5;3;8;24;27;24;72;81;13;25;30;5;25;27;6;22;24;6,43666666667;2,60333333333;2,7175308642;772,4;937,2;1100,6;6,19851303806;2,23790740149;2,24694511897;C:\Pythons\ML-Trading\Base_Archivos_SPY\multi_agent_runs\EXP_082_260422093529
EXP_084;2026-04-22 16:35:35;EXP_082;run_ok;accepted;MAX_AVG_PROFILE_DISTANCE;0.26;;;profile_match;p25_p75;0,58;0,26;False;1,5;3;8;24;27;24;72;81;13;25;30;5;25;27;6;22;24;6,43666666667;2,60333333333;2,7175308642;772,4;937,2;1100,6;6,19851303806;2,23790740149;2,24694511897;C:\Pythons\ML-Trading\Base_Archivos_SPY\multi_agent_runs\EXP_084_260422143841
EXP_085;2026-04-22 18:19:13;EXP_084;run_ok;accepted;MIN_SPY_CHANNEL_R2;0.61;;;profile_match;p25_p75;0,61;0,26;False;1,5;3;8;24;25;24;72;75;13;25;28;5;25;25;6;22;22;6,43666666667;2,60333333333;2,74666666667;772,4;937,2;1030;6,19851303806;2,23790740149;2,47329689186;C:\Pythons\ML-Trading\Base_Archivos_SPY\multi_agent_runs\EXP_085_260422171010
EXP_087;2026-04-22 20:30:54;EXP_085;run_ok;accepted;MIN_SPY_CHANNEL_R2;0.64;;;profile_match;p25_p75;0,64;0,26;False;1,5;3;1;1;24;3;3;72;3;3;28;0;0;22;0;0;22;6,18666666667;6,18666666667;3,08944444444;92,8;92,8;1112,2;8,12264466081;8,12264466081;2,86788973839;C:\Pythons\ML-Trading\Base_Archivos_SPY\multi_agent_runs\EXP_087_260422192905
EXP_088;2026-04-22 23:22:12;EXP_087;run_partial_valid;rejected;TOP_SIMILAR_SPY_WEEKS;16;;;profile_match;p25_p75;0,64;0,26;False;1,5;3;1;1;24;3;3;72;3;3;24;0;0;23;0;0;25;6,18666666667;6,18666666667;2,05371527778;92,8;92,8;739,3373;8,12264466081;8,12264466081;1,83216057173;C:\Pythons\ML-Trading\Base_Archivos_SPY\multi_agent_runs\EXP_088_260422230859
EXP_089;2026-04-22 23:32:26;EXP_087;run_partial_valid;rejected;TOP_SIMILAR_SPY_WEEKS;16;;;profile_match;p25_p75;0,64;0,26;False;1,5;3;1;1;24;3;3;72;3;3;24;0;0;23;0;0;25;6,18666666667;6,18666666667;2,05371527778;92,8;92,8;739,3373;8,12264466081;8,12264466081;1,83216057173;C:\Pythons\ML-Trading\Base_Archivos_SPY\multi_agent_runs\EXP_089_260422232359
EXP_090;2026-04-22 23:47:42;EXP_087;run_partial_valid;rejected;TOP_SIMILAR_SPY_WEEKS;16;;;profile_match;p25_p75;0,64;0,26;False;1,5;3;1;1;24;3;3;72;3;3;24;0;0;23;0;0;25;6,18666666667;6,18666666667;2,05371527778;92,8;92,8;739,3373;8,12264466081;8,12264466081;1,83216057173;C:\Pythons\ML-Trading\Base_Archivos_SPY\multi_agent_runs\EXP_090_260422233901
EXP_091;2026-04-23 00:04:09;EXP_087;run_partial_valid;rejected;TOP_SIMILAR_SPY_WEEKS;16;;;profile_match;p25_p75;0,64;0,26;False;1,5;3;1;1;24;3;3;72;3;3;24;0;0;23;0;0;25;6,18666666667;6,18666666667;2,05371527778;92,8;92,8;739,3373;8,12264466081;8,12264466081;1,83216057173;C:\Pythons\ML-Trading\Base_Archivos_SPY\multi_agent_runs\EXP_091_260422235402
EXP_092;2026-04-23 00:14:18;EXP_087;run_error;rejected;TOP_SIMILAR_SPY_WEEKS;16;;;profile_match;p25_p75;0,64;0,26;False;1,5;3;;;;;;;;;;;;;;;;;;;;;;;;;C:\Pythons\ML-Trading\Base_Archivos_SPY\multi_agent_runs\EXP_092_260423001313
EXP_093;2026-04-23 00:27:03;EXP_087;run_partial_valid;rejected;TOP_SIMILAR_SPY_WEEKS;16;;;profile_match;p25_p75;0,64;0,26;False;1,5;3;1;1;24;3;3;72;3;3;24;0;0;23;0;0;25;6,18666666667;6,18666666667;2,05371527778;92,8;92,8;739,3373;8,12264466081;8,12264466081;1,83216057173;C:\Pythons\ML-Trading\Base_Archivos_SPY\multi_agent_runs\EXP_093_260423001740
EXP_094;2026-04-23 00:40:44;EXP_087;run_partial_valid;rejected;TOP_SIMILAR_SPY_WEEKS;16;;;profile_match;p25_p75;0,64;0,26;False;1,5;3;1;1;24;3;3;72;3;3;24;0;0;23;0;0;25;6,18666666667;6,18666666667;2,05371527778;92,8;92,8;739,3373;8,12264466081;8,12264466081;1,83216057173;C:\Pythons\ML-Trading\Base_Archivos_SPY\multi_agent_runs\EXP_094_260423003246
EXP_095;2026-04-23 00:58:23;EXP_087;run_partial_valid;rejected;TOP_SIMILAR_SPY_WEEKS;16;;;profile_match;p25_p75;0,64;0,26;False;1,5;3;1;1;24;3;3;72;3;3;24;0;0;23;0;0;25;6,18666666667;6,18666666667;2,05371527778;92,8;92,8;739,3373;8,12264466081;8,12264466081;1,83216057173;C:\Pythons\ML-Trading\Base_Archivos_SPY\multi_agent_runs\EXP_095_260423004747
EXP_096;2026-04-23 01:11:53;EXP_087;run_partial_valid;rejected;TOP_SIMILAR_SPY_WEEKS;16;;;profile_match;p25_p75;0,64;0,26;False;1,5;3;1;1;24;3;3;72;3;3;24;0;0;23;0;0;25;6,18666666667;6,18666666667;2,05371527778;92,8;92,8;739,3373;8,12264466081;8,12264466081;1,83216057173;C:\Pythons\ML-Trading\Base_Archivos_SPY\multi_agent_runs\EXP_096_260423010248
EXP_097;2026-04-23 01:27:43;EXP_087;run_partial_valid;rejected;TOP_SIMILAR_SPY_WEEKS;16;;;profile_match;p25_p75;0,64;0,26;False;1,5;3;1;1;24;3;3;72;3;3;24;0;0;23;0;0;25;6,18666666667;6,18666666667;2,05371527778;92,8;92,8;739,3373;8,12264466081;8,12264466081;1,83216057173;C:\Pythons\ML-Trading\Base_Archivos_SPY\multi_agent_runs\EXP_097_260423011749
EXP_098;2026-04-23 01:42:56;EXP_087;run_partial_valid;rejected;TOP_SIMILAR_SPY_WEEKS;16;;;profile_match;p25_p75;0,64;0,26;False;1,5;3;1;1;24;3;3;72;3;3;24;0;0;23;0;0;25;6,18666666667;6,18666666667;2,05371527778;92,8;92,8;739,3373;8,12264466081;8,12264466081;1,83216057173;C:\Pythons\ML-Trading\Base_Archivos_SPY\multi_agent_runs\EXP_098_260423013250
EXP_099;2026-04-23 01:57:08;EXP_087;run_partial_valid;rejected;TOP_SIMILAR_SPY_WEEKS;16;;;profile_match;p25_p75;0,64;0,26;False;1,5;3;1;1;24;3;3;72;3;3;24;0;0;23;0;0;25;6,18666666667;6,18666666667;2,05371527778;92,8;92,8;739,3373;8,12264466081;8,12264466081;1,83216057173;C:\Pythons\ML-Trading\Base_Archivos_SPY\multi_agent_runs\EXP_099_260423014750
EXP_100;2026-04-23 02:13:15;EXP_087;run_partial_valid;rejected;TOP_SIMILAR_SPY_WEEKS;16;;;profile_match;p25_p75;0,64;0,26;False;1,5;3;1;1;24;3;3;72;3;3;24;0;0;23;0;0;25;6,18666666667;6,18666666667;2,05371527778;92,8;92,8;739,3373;8,12264466081;8,12264466081;1,83216057173;C:\Pythons\ML-Trading\Base_Archivos_SPY\multi_agent_runs\EXP_100_260423020252
EXP_101;2026-04-23 02:28:16;EXP_087;run_partial_valid;rejected;TOP_SIMILAR_SPY_WEEKS;16;;;profile_match;p25_p75;0,64;0,26;False;1,5;3;1;1;24;3;3;72;3;3;24;0;0;23;0;0;25;6,18666666667;6,18666666667;2,05371527778;92,8;92,8;739,3373;8,12264466081;8,12264466081;1,83216057173;C:\Pythons\ML-Trading\Base_Archivos_SPY\multi_agent_runs\EXP_101_260423021753
EXP_102;2026-04-23 02:43:58;EXP_087;run_partial_valid;rejected;TOP_SIMILAR_SPY_WEEKS;16;;;profile_match;p25_p75;0,64;0,26;False;1,5;3;1;1;24;3;3;72;3;3;24;0;0;23;0;0;25;6,18666666667;6,18666666667;2,05371527778;92,8;92,8;739,3373;8,12264466081;8,12264466081;1,83216057173;C:\Pythons\ML-Trading\Base_Archivos_SPY\multi_agent_runs\EXP_102_260423023255
EXP_103;2026-04-23 02:58:38;EXP_087;run_partial_valid;rejected;TOP_SIMILAR_SPY_WEEKS;16;;;profile_match;p25_p75;0,64;0,26;False;1,5;3;1;1;24;3;3;72;3;3;24;0;0;23;0;0;25;6,18666666667;6,18666666667;2,05371527778;92,8;92,8;739,3373;8,12264466081;8,12264466081;1,83216057173;C:\Pythons\ML-Trading\Base_Archivos_SPY\multi_agent_runs\EXP_103_260423024754
EXP_104;2026-04-23 03:18:16;EXP_087;run_partial_valid;rejected;TOP_CANDIDATES_NEXT_WEEK;4;;;profile_match;p25_p75;0,64;0,26;False;1,5;4;1;1;24;4;4;96;4;4;31;0;0;32;0;0;33;8,27;8,27;2,07653645833;165,4;165,4;996,7373;10,2059779941;10,2059779941;1,85498175228;C:\Pythons\ML-Trading\Base_Archivos_SPY\multi_agent_runs\EXP_104_260423030255
EXP_105;2026-04-23 03:46:28;EXP_087;run_partial_valid;rejected;TOP_CANDIDATES_NEXT_WEEK;4;;;profile_match;p25_p75;0,64;0,26;False;1,5;4;1;1;24;4;4;96;4;4;31;0;0;32;0;0;33;8,27;8,27;2,07653645833;165,4;165,4;996,7373;10,2059779941;10,2059779941;1,85498175228;C:\Pythons\ML-Trading\Base_Archivos_SPY\multi_agent_runs\EXP_105_260423033256
EXP_106;2026-04-23 04:02:52;EXP_087;run_partial_valid;rejected;TOP_CANDIDATES_NEXT_WEEK;4;;;profile_match;p25_p75;0,64;0,26;False;1,5;4;1;1;24;4;4;96;4;4;31;0;0;32;0;0;33;8,27;8,27;2,07653645833;165,4;165,4;996,7373;10,2059779941;10,2059779941;1,85498175228;C:\Pythons\ML-Trading\Base_Archivos_SPY\multi_agent_runs\EXP_106_260423034756
EXP_107;2026-04-23 04:32:45;EXP_087;run_partial_valid;rejected;TOP_CANDIDATES_NEXT_WEEK;4;;;profile_match;p25_p75;0,64;0,26;False;1,5;4;1;1;24;4;4;96;4;4;31;0;0;32;0;0;33;8,27;8,27;2,07653645833;165,4;165,4;996,7373;10,2059779941;10,2059779941;1,85498175228;C:\Pythons\ML-Trading\Base_Archivos_SPY\multi_agent_runs\EXP_107_260423041757
EXP_108;2026-04-23 04:46:12;EXP_087;run_partial_valid;rejected;TOP_CANDIDATES_NEXT_WEEK;4;;;profile_match;p25_p75;0,64;0,26;False;1,5;4;1;1;24;4;4;96;4;4;31;0;0;32;0;0;33;8,27;8,27;2,07653645833;165,4;165,4;996,7373;10,2059779941;10,2059779941;1,85498175228;C:\Pythons\ML-Trading\Base_Archivos_SPY\multi_agent_runs\EXP_108_260423043258
EXP_109;2026-04-23 05:02:38;EXP_087;run_partial_valid;rejected;TOP_CANDIDATES_NEXT_WEEK;4;;;profile_match;p25_p75;0,64;0,26;False;1,5;4;1;1;24;4;4;96;4;4;31;0;0;32;0;0;33;8,27;8,27;2,07653645833;165,4;165,4;996,7373;10,2059779941;10,2059779941;1,85498175228;C:\Pythons\ML-Trading\Base_Archivos_SPY\multi_agent_runs\EXP_109_260423044759
EXP_110;2026-04-23 05:18:18;EXP_087;run_partial_valid;accepted;TOP_CANDIDATES_NEXT_WEEK;2;;;profile_match;p25_p75;0,64;0,26;False;1,5;2;1;1;24;2;2;48;2;2;21;0;0;10;0;0;17;7,02;7,02;4,04083333333;70,2;70,2;969,8;8,95597799414;8,95597799414;3,81927862728;C:\Pythons\ML-Trading\Base_Archivos_SPY\multi_agent_runs\EXP_110_260423050300
EXP_111;2026-04-23 05:43:11;EXP_110;run_partial_valid;rejected;TOP_SIMILAR_SPY_WEEKS;16;;;profile_match;p25_p75;0,64;0,26;False;1,5;2;1;1;24;2;2;48;2;2;16;0;0;17;0;0;15;7,02;7,02;1,7075;70,2;70,2;409,8;8,95597799414;8,95597799414;1,48594529395;C:\Pythons\ML-Trading\Base_Archivos_SPY\multi_agent_runs\EXP_111_260423053301
EXP_112;2026-04-23 06:02:41;EXP_110;run_partial_valid;rejected;MAX_AVG_PROFILE_DISTANCE;0.17;;;profile_match;p25_p75;0,64;0,17;False;1,5;2;;;21;;;42;;;19;;;9;;;14;;;4,37714285714;;;919,2;;;4,11359533063;C:\Pythons\ML-Trading\Base_Archivos_SPY\multi_agent_runs\EXP_112_260423054802
EXP_113;2026-04-23 06:12:05;EXP_110;run_partial_valid;rejected;TOP_SIMILAR_SPY_WEEKS;16;;;profile_match;p25_p75;0,64;0,26;False;1,5;2;1;1;24;2;2;48;2;2;16;0;0;17;0;0;15;7,02;7,02;1,7075;70,2;70,2;409,8;8,95597799414;8,95597799414;1,48594529395;C:\Pythons\ML-Trading\Base_Archivos_SPY\multi_agent_runs\EXP_113_260423060303
EXP_114;2026-04-23 06:33:01;EXP_110;run_partial_valid;accepted;TOP_CANDIDATES_NEXT_WEEK;4;;;profile_match;p25_p75;0,64;0,26;False;1,5;4;1;1;24;4;4;96;4;4;31;0;0;32;0;0;33;8,27;8,27;2,07653645833;165,4;165,4;996,7373;10,2059779941;10,2059779941;1,85498175228;C:\Pythons\ML-Trading\Base_Archivos_SPY\multi_agent_runs\EXP_114_260423061803
EXP_115;2026-04-23 06:57:36;EXP_114;run_partial_valid;rejected;TOP_SIMILAR_SPY_WEEKS;16;;;profile_match;p25_p75;0,64;0,26;False;1,5;4;1;1;24;4;4;96;4;4;31;0;0;32;0;0;33;5,77;5,77;1,76403645833;115,4;115,4;846,7373;7,70597799414;7,70597799414;1,54248175228;C:\Pythons\ML-Trading\Base_Archivos_SPY\multi_agent_runs\EXP_115_260423064805
EXP_116;2026-04-23 07:17:58;EXP_114;run_partial_valid;accepted;TOP_CANDIDATES_NEXT_WEEK;5;;;profile_match;p25_p75;0,64;0,26;False;1,5;5;1;1;24;5;5;120;5;5;39;0;0;41;0;0;40;7,52;7,52;1,83189583333;188;188;1099,1373;9,45597799414;9,45597799414;1,61034112728;C:\Pythons\ML-Trading\Base_Archivos_SPY\multi_agent_runs\EXP_116_260423070306
EXP_117;2026-04-23 07:43:23;EXP_116;run_partial_valid;rejected;TOP_SIMILAR_SPY_WEEKS;16;;;profile_match;p25_p75;0,64;0,26;False;1,5;5;1;1;24;5;5;120;5;5;37;0;0;42;0;0;41;6,52;6,52;1,572505;163;163;943,5026;8,45597799414;8,45597799414;1,35095029395;C:\Pythons\ML-Trading\Base_Archivos_SPY\multi_agent_runs\EXP_117_260423073307
EXP_118;2026-04-23 08:02:10;EXP_116;run_partial_valid;rejected;MAX_AVG_PROFILE_DISTANCE;0.17;;;profile_match;p25_p75;0,64;0,17;False;1,5;5;;;18;;;90;;;27;;;32;;;31;;;1,80888888889;;;814;;;1,6174653822;C:\Pythons\ML-Trading\Base_Archivos_SPY\multi_agent_runs\EXP_118_260423074807
EXP_119;2026-04-23 08:13:09;EXP_116;run_partial_valid;rejected;TOP_SIMILAR_SPY_WEEKS;16;;;profile_match;p25_p75;0,64;0,26;False;1,5;5;1;1;24;5;5;120;5;5;37;0;0;42;0;0;41;6,52;6,52;1,572505;163;163;943,5026;8,45597799414;8,45597799414;1,35095029395;C:\Pythons\ML-Trading\Base_Archivos_SPY\multi_agent_runs\EXP_119_260423080308
EXP_120;2026-04-23 08:33:03;EXP_116;run_partial_valid;rejected;MAX_AVG_PROFILE_DISTANCE;0.17;;;profile_match;p25_p75;0,64;0,17;False;1,5;5;;;18;;;90;;;27;;;32;;;31;;;1,80888888889;;;814;;;1,6174653822;C:\Pythons\ML-Trading\Base_Archivos_SPY\multi_agent_runs\EXP_120_260423081809
EXP_121;2026-04-23 08:58:49;EXP_116;run_partial_valid;rejected;TOP_SIMILAR_SPY_WEEKS;16;;;profile_match;p25_p75;0,64;0,26;False;1,5;5;1;1;24;5;5;120;5;5;37;0;0;42;0;0;41;6,52;6,52;1,572505;163;163;943,5026;8,45597799414;8,45597799414;1,35095029395;C:\Pythons\ML-Trading\Base_Archivos_SPY\multi_agent_runs\EXP_121_260423084810
EXP_122;2026-04-23 09:16:53;EXP_116;run_partial_valid;rejected;MAX_AVG_PROFILE_DISTANCE;0.17;;;profile_match;p25_p75;0,64;0,17;False;1,5;5;;;18;;;90;;;27;;;32;;;31;;;1,80888888889;;;814;;;1,6174653822;C:\Pythons\ML-Trading\Base_Archivos_SPY\multi_agent_runs\EXP_122_260423090312
EXP_123;2026-04-23 09:28:17;EXP_116;run_partial_valid;rejected;TOP_SIMILAR_SPY_WEEKS;16;;;profile_match;p25_p75;0,64;0,26;False;1,5;5;1;1;24;5;5;120;5;5;37;0;0;42;0;0;41;6,52;6,52;1,572505;163;163;943,5026;8,45597799414;8,45597799414;1,35095029395;C:\Pythons\ML-Trading\Base_Archivos_SPY\multi_agent_runs\EXP_123_260423091812
EXP_124;2026-04-23 11:22:38;EXP_116;run_partial_valid;rejected;ENABLE_CLOSE_VS_SMA50_FILTER;True;MAX_CLOSE_VS_SMA50_PCT;1.0;profile_match;p25_p75;0,64;0,26;True;1;5;8;21;22;40;105;110;13;25;30;10;41;41;17;39;39;3,5168275;1,06949904762;1,36270363636;703,3653;561,4868;749,4868;3,27867387139;0,622988052573;1,02448759537;C:\Pythons\ML-Trading\Base_Archivos_SPY\multi_agent_runs\EXP_124_260423110043
EXP_125;2026-04-23 15:01:49;EXP_116;run_partial_valid;accepted;MAX_AVG_PROFILE_DISTANCE;0.22;;;profile_match;p25_p75;0,64;0,22;False;1,5;5;8;23;24;40;115;120;17;34;39;10;41;41;13;40;40;4,1556875;1,58458695652;1,83189583333;831,1373;911,1373;1099,1373;3,91753387139;1,2692264809;1,61034112728;C:\Pythons\ML-Trading\Base_Archivos_SPY\multi_agent_runs\EXP_125_260423142617
EXP_126;2026-04-23 16:10:21;EXP_125;run_ok;accepted;TOP_CANDIDATES_NEXT_WEEK;2;;;profile_match;p25_p75;0,64;0,22;False;1,5;2;8;23;24;16;46;48;9;19;21;2;10;10;5;17;17;7,02;3,91130434783;4,04083333333;561,6;899,6;969,8;6,78184637139;3,5959438722;3,81927862728;C:\Pythons\ML-Trading\Base_Archivos_SPY\multi_agent_runs\EXP_126_260423150208
EXP_127;2026-04-23 16:55:36;EXP_126;run_partial_valid;accepted;MAX_AVG_PROFILE_DISTANCE;0.17;;;profile_match;p25_p75;0,64;0,17;False;1,5;2;7;21;21;14;42;42;9;19;19;2;9;9;3;14;14;7,94857142857;4,37714285714;4,37714285714;556,4;919,2;919,2;7,8804198893;4,11359533063;4,11359533063;C:\Pythons\ML-Trading\Base_Archivos_SPY\multi_agent_runs\EXP_127_260423161043
EXP_128;2026-04-23 17:35:02;EXP_127;run_partial_valid;rejected;TOP_CANDIDATES_NEXT_WEEK;4;;;profile_match;p25_p75;0,64;0,17;False;1,5;4;5;19;19;20;76;76;11;23;23;4;27;27;5;26;26;7,02;2,09894736842;2,09894736842;702;797,6;797,6;6,60309499112;1,7230546144;1,7230546144;C:\Pythons\ML-Trading\Base_Archivos_SPY\multi_agent_runs\EXP_128_260423171021
EXP_129;2026-04-23 18:00:50;EXP_127;run_partial_valid;rejected;TOP_CANDIDATES_NEXT_WEEK;4;;;profile_match;p25_p75;0,64;0,17;False;1,5;4;5;19;19;20;76;76;11;23;23;4;27;27;5;26;26;7,02;2,09894736842;2,09894736842;702;797,6;797,6;6,60309499112;1,7230546144;1,7230546144;C:\Pythons\ML-Trading\Base_Archivos_SPY\multi_agent_runs\EXP_129_260423173518
EXP_130;2026-04-23 18:25:53;EXP_127;run_partial_valid;rejected;TOP_CANDIDATES_NEXT_WEEK;4;;;profile_match;p25_p75;0,64;0,17;False;1,5;4;5;19;19;20;76;76;11;23;23;4;27;27;5;26;26;7,02;2,09894736842;2,09894736842;702;797,6;797,6;6,60309499112;1,7230546144;1,7230546144;C:\Pythons\ML-Trading\Base_Archivos_SPY\multi_agent_runs\EXP_130_260423180106
EXP_131;2026-04-23 18:50:09;EXP_127;run_partial_valid;rejected;TOP_CANDIDATES_NEXT_WEEK;5;;;profile_match;p25_p75;0,64;0,17;False;1,5;5;4;18;18;20;90;90;10;27;27;5;32;32;5;31;31;6,27;1,80888888889;1,80888888889;627;814;814;6,67295354038;1,6174653822;1,6174653822;C:\Pythons\ML-Trading\Base_Archivos_SPY\multi_agent_runs\EXP_131_260423182612
EXP_132;2026-04-23 19:14:14;EXP_127;run_partial_valid;rejected;TOP_CANDIDATES_NEXT_WEEK;5;;;profile_match;p25_p75;0,64;0,17;False;1,5;5;4;18;18;20;90;90;10;27;27;5;32;32;5;31;31;6,27;1,80888888889;1,80888888889;627;814;814;6,67295354038;1,6174653822;1,6174653822;C:\Pythons\ML-Trading\Base_Archivos_SPY\multi_agent_runs\EXP_132_260423185028
EXP_133;2026-04-23 19:40:48;EXP_127;run_partial_valid;rejected;TOP_CANDIDATES_NEXT_WEEK;5;;;profile_match;p25_p75;0,64;0,17;False;1,5;5;4;18;18;20;90;90;10;27;27;5;32;32;5;31;31;6,27;1,80888888889;1,80888888889;627;814;814;6,67295354038;1,6174653822;1,6174653822;C:\Pythons\ML-Trading\Base_Archivos_SPY\multi_agent_runs\EXP_133_260423191433
EXP_134;2026-04-23 20:07:41;EXP_127;run_partial_valid;accepted;TOP_CANDIDATES_NEXT_WEEK;3;;;profile_match;p25_p75;0,64;0,17;False;1,5;3;7;21;21;21;63;63;13;25;25;4;19;19;4;19;19;7,56761904762;3,47238095238;3,47238095238;794,6;1093,8;1093,8;7,49946750835;3,20883342587;3,20883342587;C:\Pythons\ML-Trading\Base_Archivos_SPY\multi_agent_runs\EXP_134_260423194104
EXP_135;2026-04-24 14:50:06;BASELINE_CLEAN;run_ok;rejected;MIN_SPY_CHANNEL_R2;0.6;;;;;;;;;;7;;;35;;;16;;;8;;;11;;;4,70001714286;;;822,5026;;;4,63186560359;;;C:\Pythons\ML-Trading\Base_Archivos_SPY\runs\multi_agent_runs\EXP_135_260424144330
EXP_136;2026-04-24 17:42:53;BASELINE_CLEAN;run_ok;rejected;MAX_AVG_PROFILE_DISTANCE;0.17;;;;;;;;;;5;;;25;;;12;;;5;;;8;;;5,554924;;;694,3653;;;6,08415084046;;;C:\Pythons\ML-Trading\Base_Archivos_SPY\runs\multi_agent_runs\EXP_136_260424173358
EXP_137;2026-04-24 18:32:37;BASELINE_CLEAN;run_ok;rejected;MIN_SPY_CHANNEL_R2;0.5;;;;;;;;;;7;22;;35;110;;16;31;;8;42;;11;37;;4,70001714286;1,40455090909;;822,5026;772,5026;;4,63186560359;1,08403138719;;C:\Pythons\ML-Trading\Base_Archivos_SPY\runs\multi_agent_runs\EXP_137_260424182050
EXP_138;2026-04-24 21:27:29;BASELINE_CLEAN;run_ok;accepted;MIN_SPY_CHANNEL_R2;0.6;;;;;;;;;;7;22;23;35;110;115;16;31;36;8;42;42;11;37;37;4,70001714286;1,40455090909;1,71391826087;822,5026;772,5026;985,5026;4,63186560359;1,08403138719;1,49150732662;C:\Pythons\ML-Trading\Base_Archivos_SPY\runs\multi_agent_runs\EXP_138_260424205447
EXP_139;2026-04-24 22:00:54;EXP_138;run_ok;accepted;MIN_SPY_CHANNEL_R2;0.5;;;;;;;;;;7;22;29;35;110;145;16;31;42;8;42;54;11;37;49;4,70001714286;1,40455090909;1,37724551724;822,5026;772,5026;998,5026;4,63186560359;1,08403138719;0,871550874846;C:\Pythons\ML-Trading\Base_Archivos_SPY\runs\multi_agent_runs\EXP_139_260424212905
EXP_140;2026-04-24 22:54:57;EXP_139;run_ok;rejected;MAX_AVG_PROFILE_DISTANCE;0.22;;;;;;;;;;8;24;31;40;120;155;16;31;42;9;47;59;15;42;54;4,027515;1,08083833333;1,12839096774;805,5026;648,5026;874,5026;3,78936137139;0,715412401486;0,599876854452;C:\Pythons\ML-Trading\Base_Archivos_SPY\runs\multi_agent_runs\EXP_140_260424220224
EXP_141;2026-04-25 01:47:27;EXP_139;run_ok;accepted;TOP_CANDIDATES_NEXT_WEEK;2;;;;;;;;;;7;23;30;14;46;60;8;17;23;2;14;18;4;15;19;6,59142857143;2,88956521739;2,67;461,4;664,6;801;6,52327703216;2,57034547346;2,17147435807;C:\Pythons\ML-Trading\Base_Archivos_SPY\runs\multi_agent_runs\EXP_141_260425010510
EXP_142;2026-04-25 10:47:01;EXP_141;run_partial_valid;rejected;MIN_SPY_CHANNEL_R2;0.6;;;;;;;;;;;;;;;;;;;;;;;;;;;;;;;;;;C:\Pythons\ML-Trading\Base_Archivos_SPY\runs\multi_agent_runs\EXP_142_260425102853
EXP_144;2026-04-25 12:50:24;EXP_141;run_ok;accepted;MAX_AVG_PROFILE_DISTANCE;0.17;;;;;;;;;;7;22;28;14;44;56;8;17;22;2;13;16;4;14;18;6,59142857143;3,13363636364;2,96642857143;461,4;689,4;830,6;6,52327703216;2,81311684174;2,40654636696;C:\Pythons\ML-Trading\Base_Archivos_SPY\runs\multi_agent_runs\EXP_144_260425115313
EXP_145;2026-04-25 13:12:34;EXP_144;run_partial_valid;rejected;TOP_CANDIDATES_NEXT_WEEK;4;;;;;;;;;;5;19;23;20;76;92;12;24;30;3;32;38;5;20;24;7,413655;1,72885657895;1,659925;741,3653;656,9653;763,5653;7,94288184046;1,55948764791;1,25371779006;C:\Pythons\ML-Trading\Base_Archivos_SPY\runs\multi_agent_runs\EXP_145_260425125443
EXP_146;2026-04-25 13:32:36;EXP_144;run_partial_valid;rejected;TOP_CANDIDATES_NEXT_WEEK;5;;;;;;;;;;5;17;20;25;85;100;12;23;29;5;35;38;8;27;33;5,554924;1,22438941176;1,378731;694,3653;520,3653;689,3653;6,08415084046;0,950882423921;1,10456893846;C:\Pythons\ML-Trading\Base_Archivos_SPY\runs\multi_agent_runs\EXP_146_260425131239
EXP_144;2026-04-25 13:34:38;EXP_141;run_ok;accepted;MAX_AVG_PROFILE_DISTANCE;0.17;;;;;;;;;;7;22;28;14;44;56;8;17;22;2;13;16;4;14;18;6,59142857143;3,13363636364;2,96642857143;461,4;689,4;830,6;6,52327703216;2,81311684174;2,40654636696;C:\Pythons\ML-Trading\Base_Archivos_SPY\runs\multi_agent_runs\EXP_144_260425113914
EXP_147;2026-04-25 13:53:25;EXP_144;run_partial_valid;accepted;TOP_CANDIDATES_NEXT_WEEK;3;;;;;;;;;;7;22;28;21;66;84;10;22;30;4;22;26;7;22;28;5,80571428571;2,65636363636;2,82952380952;609,6;876,6;1188,4;5,73756274644;2,33584411446;2,26964160505;C:\Pythons\ML-Trading\Base_Archivos_SPY\runs\multi_agent_runs\EXP_147_260425133242
EXP_147;2026-04-25 13:57:53;EXP_144;run_partial_valid;accepted;TOP_CANDIDATES_NEXT_WEEK;3;;;;;;;;;;7;22;28;21;66;84;10;22;30;4;22;26;7;22;28;5,80571428571;2,65636363636;2,82952380952;609,6;876,6;1188,4;5,73756274644;2,33584411446;2,26964160505;C:\Pythons\ML-Trading\Base_Archivos_SPY\runs\multi_agent_runs\EXP_147_260425133455
EXP_146;2026-04-25 14:06:20;EXP_144;run_ok;rejected;TOP_CANDIDATES_NEXT_WEEK;5;;;;;;;;;;5;17;20;25;85;100;12;23;29;5;35;38;8;27;33;5,554924;1,22438941176;1,378731;694,3653;520,3653;689,3653;6,08415084046;0,950882423921;1,10456893846;C:\Pythons\ML-Trading\Base_Archivos_SPY\runs\multi_agent_runs\EXP_146_260425132522
EXP_148;2026-04-25 14:20:48;EXP_147;run_partial_valid;rejected;MAX_AVG_PROFILE_DISTANCE;0.22;;;;;;;;;;8;24;32;24;72;96;10;22;32;4;24;31;10;26;33;5,145;2,31166666667;2,31166666667;617,4;832,2;1109,6;4,90684637139;1,94624073482;1,74533513417;C:\Pythons\ML-Trading\Base_Archivos_SPY\runs\multi_agent_runs\EXP_148_260425135332
EXP_148;2026-04-25 14:25:26;EXP_147;run_partial_valid;rejected;TOP_CANDIDATES_NEXT_WEEK;4;;;;;;;;;;5;19;23;20;76;92;12;24;30;3;32;38;5;20;24;7,413655;1,72885657895;1,659925;741,3653;656,9653;763,5653;7,94288184046;1,55948764791;1,25371779006;C:\Pythons\ML-Trading\Base_Archivos_SPY\runs\multi_agent_runs\EXP_148_260425135811
EXP_149;2026-04-25 14:45:10;EXP_147;run_partial_valid;accepted;MIN_SPY_CHANNEL_R2;0.6;;;;;;;;;;7;22;23;21;66;69;10;22;25;4;22;22;7;22;22;5,80571428571;2,65636363636;2,88231884058;609,6;876,6;994,4;5,73756274644;2,33584411446;2,65990790633;C:\Pythons\ML-Trading\Base_Archivos_SPY\runs\multi_agent_runs\EXP_149_260425142054
EXP_148;2026-04-25 14:47:49;EXP_147;run_ok;accepted;MIN_SPY_CHANNEL_R2;0.6;;;;;;;;;;7;22;23;21;66;69;10;22;25;4;22;22;7;22;22;5,80571428571;2,65636363636;2,88231884058;609,6;876,6;994,4;5,73756274644;2,33584411446;2,65990790633;C:\Pythons\ML-Trading\Base_Archivos_SPY\runs\multi_agent_runs\EXP_148_260425140645
EXP_149;2026-04-25 14:52:54;EXP_147;run_partial_valid;accepted;MIN_SPY_CHANNEL_R2;0.6;;;;;;;;;;7;22;23;21;66;69;10;22;25;4;22;22;7;22;22;5,80571428571;2,65636363636;2,88231884058;609,6;876,6;994,4;5,73756274644;2,33584411446;2,65990790633;C:\Pythons\ML-Trading\Base_Archivos_SPY\runs\multi_agent_runs\EXP_149_260425142544
EXP_150;2026-04-25 15:34:32;EXP_149;run_partial_valid;accepted;TOP_CANDIDATES_NEXT_WEEK;2;;;;;;;;;;7;22;23;14;44;46;8;17;19;2;13;13;4;14;14;6,59142857143;3,13363636364;3,30260869565;461,4;689,4;759,6;6,52327703216;2,81311684174;3,08019776141;C:\Pythons\ML-Trading\Base_Archivos_SPY\runs\multi_agent_runs\EXP_150_260425144520
EXP_151;2026-04-25 15:59:40;EXP_150;run_ok;rejected;TOP_SIMILAR_SPY_WEEKS;16;;;;;;;;;;6;21;22;12;42;44;4;13;15;4;17;17;4;12;12;2,35333333333;1,47238095238;1,72454545455;141,2;309,2;379,4;2,8898797385;1,31261474877;1,66004035083;C:\Pythons\ML-Trading\Base_Archivos_SPY\runs\multi_agent_runs\EXP_151_260425153454
EXP_151;2026-04-25 16:22:59;EXP_150;run_ok;rejected;TOP_SIMILAR_SPY_WEEKS;16;;;;;;;;;;6;21;22;12;42;44;4;13;15;4;17;17;4;12;12;2,35333333333;1,47238095238;1,72454545455;141,2;309,2;379,4;2,8898797385;1,31261474877;1,66004035083;C:\Pythons\ML-Trading\Base_Archivos_SPY\runs\multi_agent_runs\EXP_151_260425153509
EXP_152;2026-04-25 16:43:13;EXP_150;run_ok;accepted;MAX_AVG_PROFILE_DISTANCE;0.22;;;;;;;;;;8;24;25;16;48;50;8;17;19;2;14;14;6;17;17;5,8325;2,79083333333;2,96;466,6;669,8;740;5,59434637139;2,42540740149;2,68663022519;C:\Pythons\ML-Trading\Base_Archivos_SPY\runs\multi_agent_runs\EXP_152_260425155947
EXP_152;2026-04-25 16:53:56;EXP_150;run_partial_valid;accepted;MAX_AVG_PROFILE_DISTANCE;0.22;;;;;;;;;;8;24;25;16;48;50;8;17;19;2;14;14;6;17;17;5,8325;2,79083333333;2,96;466,6;669,8;740;5,59434637139;2,42540740149;2,68663022519;C:\Pythons\ML-Trading\Base_Archivos_SPY\runs\multi_agent_runs\EXP_152_260425163354
EXP_152;2026-04-25 16:55:10;EXP_150;run_partial_valid;accepted;MAX_AVG_PROFILE_DISTANCE;0.22;;;;;;;;;;8;24;25;16;48;50;8;17;19;2;14;14;6;17;17;5,8325;2,79083333333;2,96;466,6;669,8;740;5,59434637139;2,42540740149;2,68663022519;C:\Pythons\ML-Trading\Base_Archivos_SPY\runs\multi_agent_runs\EXP_152_260425163403
EXP_153;2026-04-25 17:13:32;EXP_152;run_partial_valid;accepted;MIN_SPY_CHANNEL_R2;0.5;;;;;;;;;;8;24;32;16;48;64;8;17;24;2;14;19;6;17;21;5,8325;2,79083333333;2,504375;466,6;669,8;801,4;5,59434637139;2,42540740149;1,93804346751;C:\Pythons\ML-Trading\Base_Archivos_SPY\runs\multi_agent_runs\EXP_153_260425165415
EXP_154;2026-04-25 17:47:53;EXP_153;run_ok;accepted;TOP_CANDIDATES_NEXT_WEEK;3;;;;;;;;;;8;24;32;24;72;96;10;22;32;4;24;31;10;26;33;5,145;2,31166666667;2,31166666667;617,4;832,2;1109,6;4,90684637139;1,94624073482;1,74533513417;C:\Pythons\ML-Trading\Base_Archivos_SPY\runs\multi_agent_runs\EXP_154_260425171441
EXP_154;2026-04-25 18:13:47;EXP_153;run_ok;accepted;TOP_CANDIDATES_NEXT_WEEK;3;;;;;;;;;;8;24;32;24;72;96;10;22;32;4;24;31;10;26;33;5,145;2,31166666667;2,31166666667;617,4;832,2;1109,6;4,90684637139;1,94624073482;1,74533513417;C:\Pythons\ML-Trading\Base_Archivos_SPY\runs\multi_agent_runs\EXP_154_260425171434
EXP_154;2026-04-25 18:15:42;EXP_153;run_ok;accepted;TOP_CANDIDATES_NEXT_WEEK;3;;;;;;;;;;8;24;32;24;72;96;10;22;32;4;24;31;10;26;33;5,145;2,31166666667;2,31166666667;617,4;832,2;1109,6;4,90684637139;1,94624073482;1,74533513417;C:\Pythons\ML-Trading\Base_Archivos_SPY\runs\multi_agent_runs\EXP_154_260425171456
EXP_155;2026-04-25 18:25:57;EXP_154;run_ok;accepted;MIN_SPY_CHANNEL_R2;0.6;;;;;;;;;;8;24;25;24;72;75;10;22;25;4;24;24;10;26;26;5,145;2,31166666667;2,53333333333;617,4;832,2;950;4,90684637139;1,94624073482;2,25996355853;C:\Pythons\ML-Trading\Base_Archivos_SPY\runs\multi_agent_runs\EXP_155_260425174800
EXP_155;2026-04-25 18:30:59;EXP_154;run_partial_valid;accepted;MIN_SPY_CHANNEL_R2;0.6;;;;;;;;;;8;24;25;24;72;75;10;22;25;4;24;24;10;26;26;5,145;2,31166666667;2,53333333333;617,4;832,2;950;4,90684637139;1,94624073482;2,25996355853;C:\Pythons\ML-Trading\Base_Archivos_SPY\runs\multi_agent_runs\EXP_155_260425181354
EXP_155;2026-04-25 18:34:32;EXP_154;run_partial_valid;accepted;MIN_SPY_CHANNEL_R2;0.6;;;;;;;;;;8;24;25;24;72;75;10;22;25;4;24;24;10;26;26;5,145;2,31166666667;2,53333333333;617,4;832,2;950;4,90684637139;1,94624073482;2,25996355853;C:\Pythons\ML-Trading\Base_Archivos_SPY\runs\multi_agent_runs\EXP_155_260425181558
EXP_156;2026-04-25 18:47:58;EXP_155;run_partial_valid;accepted;TOP_CANDIDATES_NEXT_WEEK;4;;;;;;;;;;8;24;25;32;96;100;15;29;33;6;38;38;11;29;29;5,18564375;1,64813125;1,963006;829,7026;791,1026;981,5026;4,94749012139;1,28270531815;1,68963622519;C:\Pythons\ML-Trading\Base_Archivos_SPY\runs\multi_agent_runs\EXP_156_260425183106
EXP_156;2026-04-25 18:53:37;EXP_155;run_partial_valid;accepted;TOP_CANDIDATES_NEXT_WEEK;4;;;;;;;;;;8;24;25;32;96;100;15;29;33;6;38;38;11;29;29;5,18564375;1,64813125;1,963006;829,7026;791,1026;981,5026;4,94749012139;1,28270531815;1,68963622519;C:\Pythons\ML-Trading\Base_Archivos_SPY\runs\multi_agent_runs\EXP_156_260425183446
EXP_156;2026-04-25 19:02:11;EXP_155;run_ok;accepted;TOP_CANDIDATES_NEXT_WEEK;4;;;;;;;;;;8;24;25;32;96;100;15;29;33;6;38;38;11;29;29;5,18564375;1,64813125;1,963006;829,7026;791,1026;981,5026;4,94749012139;1,28270531815;1,68963622519;C:\Pythons\ML-Trading\Base_Archivos_SPY\runs\multi_agent_runs\EXP_156_260425182604
EXP_157;2026-04-25 20:31:49;BASELINE_CLEAN;run_ok;accepted;TOP_SIMILAR_SPY_WEEKS;16;;;;;;;;;;7;22;26;35;110;130;16;33;43;9;41;45;10;36;42;4,24287428571;1,53182363636;1,65308153846;742,5026;842,5026;1074,5026;4,17472274644;1,21130411446;1,2694098022;C:\Pythons\ML-Trading\Base_Archivos_SPY\runs\multi_agent_runs\EXP_157_260425200733
EXP_158;2026-04-25 20:52:12;EXP_157;run_ok;rejected;MAX_AVG_PROFILE_DISTANCE;0.17;;;;;;;;;;4;14;15;20;70;75;10;21;23;4;26;26;6;23;26;6,213655;1,96104428571;2,038308;621,3653;686,3653;764,3653;6,61660854038;1,69042834289;1,58946184182;C:\Pythons\ML-Trading\Base_Archivos_SPY\runs\multi_agent_runs\EXP_158_260425203155
EXP_159;2026-04-25 21:47:18;EXP_157;run_ok;rejected;TOP_CANDIDATES_NEXT_WEEK;2;;;;;;;;;;8;24;28;16;48;56;5;14;19;5;19;21;6;15;16;1,77;1,18666666667;1,41285714286;141,6;284,8;395,6;1,53184637139;0,821240734819;0,995205070522;C:\Pythons\ML-Trading\Base_Archivos_SPY\runs\multi_agent_runs\EXP_159_260425212657
EXP_160;2026-04-25 22:24:21;EXP_157;run_ok;rejected;TOP_CANDIDATES_NEXT_WEEK;2;;;;;;;;;;8;24;28;16;48;56;5;14;19;5;19;21;6;15;16;1,77;1,18666666667;1,41285714286;141,6;284,8;395,6;1,53184637139;0,821240734819;0,995205070522;C:\Pythons\ML-Trading\Base_Archivos_SPY\runs\multi_agent_runs\EXP_160_260425214724
EXP_161;2026-04-25 23:51:27;EXP_157;run_ok;rejected;TOP_CANDIDATES_NEXT_WEEK;4;;;;;;;;;;7;23;27;28;92;108;12;28;36;8;35;38;8;29;34;3,46383928571;1,49203804348;1,57025462963;484,9373;686,3373;847,9373;3,39568774644;1,17281829955;1,19002908254;C:\Pythons\ML-Trading\Base_Archivos_SPY\runs\multi_agent_runs\EXP_161_260425232813
EXP_162;2026-04-26 00:37:43;EXP_150;run_ok;accepted;TOP_SIMILAR_SPY_WEEKS;28;;;;;;;;;;7;22;23;14;44;46;8;16;18;1;10;10;5;18;18;7,73428571429;3,56545454545;3,82434782609;541,4;784,4;879,6;7,66613417502;3,24493502355;3,60193689184;C:\Pythons\ML-Trading\Base_Archivos_SPY\runs\multi_agent_runs\EXP_162_260425235720
EXP_163;2026-04-26 01:03:27;EXP_162;run_ok;accepted;MIN_SPY_CHANNEL_R2;0.5;;;;;;;;;;7;22;27;14;44;54;8;16;21;1;10;12;5;18;21;7,73428571429;3,56545454545;3,89037037037;541,4;784,4;1050,4;7,66613417502;3,24493502355;3,50571970282;C:\Pythons\ML-Trading\Base_Archivos_SPY\runs\multi_agent_runs\EXP_163_260426003751
EXP_164;2026-04-26 01:37:05;EXP_163;run_ok;accepted;MAX_AVG_PROFILE_DISTANCE;0.22;;;;;;;;;;8;24;32;16;48;64;8;16;23;1;11;17;7;21;24;6,8325;3,18666666667;3,02;546,6;764,8;966,4;6,59434637139;2,82124073482;2,45366846751;C:\Pythons\ML-Trading\Base_Archivos_SPY\runs\multi_agent_runs\EXP_164_260426010334
EXP_165;2026-04-26 02:12:07;EXP_164;run_ok;accepted;MIN_SPY_CHANNEL_R2;0.6;;;;;;;;;;8;24;25;16;48;50;8;16;18;1;11;11;7;21;21;6,8325;3,18666666667;3,44;546,6;764,8;860;6,59434637139;2,82124073482;3,16663022519;C:\Pythons\ML-Trading\Base_Archivos_SPY\runs\multi_agent_runs\EXP_165_260426013711
EXP_166;2026-04-26 02:31:29;EXP_165;run_ok;rejected;TOP_SIMILAR_SPY_WEEKS;16;;;;;;;;;;8;24;25;16;48;50;5;14;16;5;19;19;6;15;15;1,77;1,18666666667;1,42;141,6;284,8;355;1,53184637139;0,821240734819;1,14663022519;C:\Pythons\ML-Trading\Base_Archivos_SPY\runs\multi_agent_runs\EXP_166_260426021213
EXP_167;2026-04-26 11:05:35;EXP_165;run_ok;accepted;TOP_CANDIDATES_NEXT_WEEK;3;;;;;;;;;;8;24;25;24;72;75;12;23;26;4;21;21;8;28;28;6,52;2,68666666667;2,89333333333;782,4;967,2;1085;6,28184637139;2,32124073482;2,61996355853;C:\Pythons\ML-Trading\Base_Archivos_SPY\runs\multi_agent_runs\EXP_167_260426102147
EXP_168;2026-04-26 11:48:05;EXP_167;run_ok;accepted;MAX_AVG_PROFILE_DISTANCE;0.17;;;;;;;;;;7;22;23;21;66;69;12;23;26;3;18;18;6;25;25;7,66285714286;3,15636363636;3,36057971014;804,6;1041,6;1159,4;7,59470560359;2,83584411446;3,1381687759;C:\Pythons\ML-Trading\Base_Archivos_SPY\runs\multi_agent_runs\EXP_168_260426110542
EXP_169;2026-04-26 12:26:19;EXP_168;run_ok;accepted;MIN_SPY_CHANNEL_R2;0.5;;;;;;;;;;7;22;27;21;66;81;12;23;29;3;18;22;6;25;30;7,66285714286;3,15636363636;3,16197530864;804,6;1041,6;1280,6;7,59470560359;2,83584411446;2,77732464109;C:\Pythons\ML-Trading\Base_Archivos_SPY\runs\multi_agent_runs\EXP_169_260426114811
EXP_170;2026-04-26 13:35:39;EXP_169;run_ok;rejected;TOP_CANDIDATES_NEXT_WEEK;5;;;;;;;;;;4;19;22;20;95;110;9;24;27;5;36;39;6;35;44;6,07;1,23999368421;1,22363090909;607;588,9972;672,9972;6,47295354038;0,978806602873;0,891577749831;C:\Pythons\ML-Trading\Base_Archivos_SPY\runs\multi_agent_runs\EXP_170_260426122916
EXP_171;2026-04-26 15:18:37;EXP_169;run_ok;rejected;TOP_CANDIDATES_NEXT_WEEK;4;;;;;;;;;;5;20;24;20;80;96;11;22;25;3;29;33;6;29;38;7,82;1,82;1,79083333333;782;728;859,6;7,40309499112;1,38705531243;1,21045790469;C:\Pythons\ML-Trading\Base_Archivos_SPY\runs\multi_agent_runs\EXP_171_260426143251
EXP_172;2026-04-26 15:39:59;EXP_169;run_error;rejected;MAX_AVG_PROFILE_DISTANCE;0.22;;;;;;;;;;;;;;;;;;;;;;;;;;;;;;;;;;C:\Pythons\ML-Trading\Base_Archivos_SPY\runs\multi_agent_runs\EXP_172_260426153950
EXP_173;2026-04-26 15:40:13;EXP_169;run_error;rejected;TOP_CANDIDATES_NEXT_WEEK;4;;;;;;;;;;;;;;;;;;;;;;;;;;;;;;;;;;C:\Pythons\ML-Trading\Base_Archivos_SPY\runs\multi_agent_runs\EXP_173_260426154006
EXP_174;2026-04-26 15:40:28;EXP_169;run_error;rejected;TOP_CANDIDATES_NEXT_WEEK;4;;;;;;;;;;;;;;;;;;;;;;;;;;;;;;;;;;C:\Pythons\ML-Trading\Base_Archivos_SPY\runs\multi_agent_runs\EXP_174_260426154021
EXP_175;2026-04-26 17:14:58;EXP_169;run_ok;rejected;TOP_SIMILAR_SPY_WEEKS;16;;;;;;;;;;3;5;25;9;15;75;4;6;25;1;3;26;4;6;24;2,18666666667;2,58666666667;1,90666666667;98,4;194;715;1,90879252085;1,44711253355;1,52162645986;C:\Pythons\ML-Trading\Base_Archivos_SPY\runs\multi_agent_runs\EXP_175_260426165730
EXP_176;2026-04-26 17:30:42;EXP_162;run_ok;rejected;TOP_SIMILAR_SPY_WEEKS;16;;;;;;;;;;1;1;22;2;2;44;2;2;15;0;0;17;0;0;12;7,02;7,02;1,72454545455;70,2;70,2;379,4;8,95597799414;8,95597799414;1,66004035083;C:\Pythons\ML-Trading\Base_Archivos_SPY\runs\multi_agent_runs\EXP_176_260426171505
EXP_177;2026-04-26 18:00:11;EXP_162;run_partial_valid;rejected;TOP_CANDIDATES_NEXT_WEEK;4;;;;;;;;;;;;20;;;80;;;22;;;29;;;29;;;1,82;;;728;;;1,38705531243;C:\Pythons\ML-Trading\Base_Archivos_SPY\runs\multi_agent_runs\EXP_177_260426173049
EXP_178;2026-04-26 18:47:51;EXP_162;run_partial_valid;rejected;TOP_CANDIDATES_NEXT_WEEK;5;;;;;;;;;;0;0;19;0;0;95;0;0;24;0;0;36;0;0;35;nan;nan;1,23999368421;nan;nan;588,9972;nan;nan;0,978806602873;C:\Pythons\ML-Trading\Base_Archivos_SPY\runs\multi_agent_runs\EXP_178_260426181932
EXP_179;2026-04-26 19:18:44;EXP_162;run_partial_valid;rejected;TOP_CANDIDATES_NEXT_WEEK;4;;;;;;;;;;0;0;20;0;0;80;0;0;22;0;0;29;0;0;29;nan;nan;1,82;nan;nan;728;nan;nan;1,38705531243;C:\Pythons\ML-Trading\Base_Archivos_SPY\runs\multi_agent_runs\EXP_179_260426184757
EXP_180;2026-04-26 19:57:08;EXP_162;run_partial_valid;rejected;TOP_CANDIDATES_NEXT_WEEK;5;;;;;;;;;;0;0;19;0;0;95;0;0;24;0;0;36;0;0;35;nan;nan;1,23999368421;nan;nan;588,9972;nan;nan;0,978806602873;C:\Pythons\ML-Trading\Base_Archivos_SPY\runs\multi_agent_runs\EXP_180_260426191851
EXP_181;2026-04-26 21:07:55;EXP_162;run_partial_valid;rejected;TOP_CANDIDATES_NEXT_WEEK;4;;;;;;;;;;0;0;20;0;0;80;0;0;22;0;0;29;0;0;29;nan;nan;1,82;nan;nan;728;nan;nan;1,38705531243;C:\Pythons\ML-Trading\Base_Archivos_SPY\runs\multi_agent_runs\EXP_181_260426204305
EXP_182;2026-04-26 21:30:35;EXP_162;run_partial_valid;rejected;TOP_CANDIDATES_NEXT_WEEK;5;;;;;;;;;;0;0;19;0;0;95;0;0;24;0;0;36;0;0;35;nan;nan;1,23999368421;nan;nan;588,9972;nan;nan;0,978806602873;C:\Pythons\ML-Trading\Base_Archivos_SPY\runs\multi_agent_runs\EXP_182_260426210802
EXP_183;2026-04-26 21:53:57;EXP_162;run_ok;accepted;ENABLE_CLOSE_VS_SMA50_FILTER;True;MAX_CLOSE_VS_SMA50_PCT;0.5;;;;;;;;1;1;13;2;2;26;2;2;9;0;0;7;0;0;10;9,52;9,52;3,17384615385;95,2;95,2;412,6;11,4559779941;11,4559779941;2,8613259726;C:\Pythons\ML-Trading\Base_Archivos_SPY\runs\multi_agent_runs\EXP_183_260426213042
EXP_184;2026-04-26 22:17:10;EXP_183;run_ok;accepted;MAX_CLOSE_VS_SMA50_PCT;0.35;;;;;;;;;;1;1;13;2;2;26;2;2;9;0;0;7;0;0;10;9,52;9,52;3,17384615385;95,2;95,2;412,6;11,4559779941;11,4559779941;2,8613259726;C:\Pythons\ML-Trading\Base_Archivos_SPY\runs\multi_agent_runs\EXP_184_260426215406
EXP_185;2026-04-26 22:33:49;EXP_184;run_ok;accepted;TOP_SIMILAR_SPY_WEEKS;20;;;;;;;;;;1;1;9;2;2;18;2;2;7;0;0;6;0;0;5;7,02;7,02;3,68666666667;70,2;70,2;331,8;8,95597799414;8,95597799414;3,55450695363;C:\Pythons\ML-Trading\Base_Archivos_SPY\runs\multi_agent_runs\EXP_185_260426221717
EXP_186;2026-04-26 23:29:09;EXP_185;run_ok;rejected;MIN_SPY_CHANNEL_R2;0.5;;;;;;;;;;3;5;13;6;10;26;3;5;10;2;2;8;1;3;8;1,35333333333;3,32;3,28923076923;40,6;166;427,6;1,07545918752;2,6531722916;2,79234200358;C:\Pythons\ML-Trading\Base_Archivos_SPY\runs\multi_agent_runs\EXP_186_260426231241
EXP_187;2026-04-26 23:43:48;EXP_185;run_ok;rejected;MAX_CLOSE_VS_SMA50_PCT;0.45;;;;;;;;;;1;1;10;2;2;20;2;2;7;0;0;6;0;0;7;7,02;7,02;3,37;70,2;70,2;337;8,95597799414;8,95597799414;3,27938238224;C:\Pythons\ML-Trading\Base_Archivos_SPY\runs\multi_agent_runs\EXP_187_260426232916
EXP_188;2026-04-26 23:59:30;EXP_185;run_ok;rejected;MAX_CLOSE_VS_SMA50_PCT;0.65;;;;;;;;;;1;1;11;2;2;22;2;2;7;0;0;7;0;0;8;7,02;7,02;2,83818181818;70,2;70,2;312,2;8,95597799414;8,95597799414;2,52974274838;C:\Pythons\ML-Trading\Base_Archivos_SPY\runs\multi_agent_runs\EXP_188_260426234354
EXP_189;2026-04-27 00:25:25;EXP_162;run_ok;rejected;TOP_SIMILAR_SPY_WEEKS;16;;;;;;;;;;1;1;22;2;2;44;2;2;15;0;0;17;0;0;12;7,02;7,02;1,72454545455;70,2;70,2;379,4;8,95597799414;8,95597799414;1,66004035083;C:\Pythons\ML-Trading\Base_Archivos_SPY\runs\multi_agent_runs\EXP_189_260427001700
EXP_190;2026-04-27 00:52:43;EXP_162;run_partial_valid;rejected;MAX_AVG_PROFILE_DISTANCE;0.15;;;;;;;;;;0;0;21;0;0;42;0;0;16;0;0;10;0;0;16;nan;nan;3,71047619048;nan;nan;779,2;nan;nan;3,34740125188;C:\Pythons\ML-Trading\Base_Archivos_SPY\runs\multi_agent_runs\EXP_190_260427002532
EXP_191;2026-04-27 01:10:03;EXP_162;run_ok;accepted;MIN_SPY_CHANNEL_R2;0.57;;;;;;;;;;2;3;25;4;6;50;3;4;20;0;1;11;1;1;19;6,02;6,35333333333;3,9;120,4;190,6;975;5,51595441052;5,04146908106;3,46051911045;C:\Pythons\ML-Trading\Base_Archivos_SPY\runs\multi_agent_runs\EXP_191_260427005250
EXP_192;2026-04-27 09:55:54;EXP_191;run_ok;rejected;TOP_SIMILAR_SPY_WEEKS;20;;;;;;;;;;2;3;25;4;6;50;3;5;22;0;0;13;1;1;15;4,77;7,18666666667;3,62;95,4;215,6;905;4,26595441052;5,87480241439;3,18051911045;C:\Pythons\ML-Trading\Base_Archivos_SPY\runs\multi_agent_runs\EXP_192_260427093947
EXP_193;2026-04-27 10:23:33;EXP_191;run_ok;accepted;TOP_CANDIDATES_NEXT_WEEK;3;;;;;;;;;;2;3;25;6;9;75;4;5;28;0;2;20;2;2;27;4,85333333333;4,18666666667;3,28;145,6;188,4;1230;4,34928774385;2,87480241439;2,84051911045;C:\Pythons\ML-Trading\Base_Archivos_SPY\runs\multi_agent_runs\EXP_193_260427095600
EXP_194;2026-04-27 10:41:01;EXP_193;run_ok;rejected;TOP_SIMILAR_SPY_WEEKS;20;;;;;;;;;;2;3;25;6;9;75;4;6;28;0;0;22;2;3;25;4,85333333333;5,96444444444;3,05333333333;145,6;268,4;1145;4,34928774385;4,65258019217;2,61385244379;C:\Pythons\ML-Trading\Base_Archivos_SPY\runs\multi_agent_runs\EXP_194_260427102340
EXP_195;2026-04-27 10:59:08;EXP_193;run_ok;rejected;TOP_SIMILAR_SPY_WEEKS;20;;;;;;;;;;2;3;25;6;9;75;4;6;28;0;0;22;2;3;25;4,85333333333;5,96444444444;3,05333333333;145,6;268,4;1145;4,34928774385;4,65258019217;2,61385244379;C:\Pythons\ML-Trading\Base_Archivos_SPY\runs\multi_agent_runs\EXP_195_260427104108
EXP_196;2026-04-27 11:25:06;EXP_193;run_ok;rejected;MAX_AVG_PROFILE_DISTANCE;0.22;;;;;;;;;;3;4;28;9;12;84;5;6;29;2;4;25;2;2;30;2,52;2,60333333333;2,67476190476;113,4;156,2;1123,4;2,52115530561;1,87232441807;2,25710983243;C:\Pythons\ML-Trading\Base_Archivos_SPY\runs\multi_agent_runs\EXP_196_260427105914
EXP_197;2026-04-27 11:52:15;EXP_162;run_partial_valid;rejected;MAX_AVG_PROFILE_DISTANCE;0.15;;;;;;;;;;0;0;21;0;0;42;0;0;16;0;0;10;0;0;16;nan;nan;3,71047619048;nan;nan;779,2;nan;nan;3,34740125188;C:\Pythons\ML-Trading\Base_Archivos_SPY\runs\multi_agent_runs\EXP_197_260427112513
EXP_198;2026-04-27 12:03:37;EXP_162;run_ok;rejected;TOP_SIMILAR_SPY_WEEKS;16;;;;;;;;;;1;1;22;2;2;44;2;2;15;0;0;17;0;0;12;7,02;7,02;1,72454545455;70,2;70,2;379,4;8,95597799414;8,95597799414;1,66004035083;C:\Pythons\ML-Trading\Base_Archivos_SPY\runs\multi_agent_runs\EXP_198_260427115221
EXP_199;2026-04-27 12:23:42;EXP_162;run_partial_valid;rejected;MAX_AVG_PROFILE_DISTANCE;0.15;;;;;;;;;;0;0;21;0;0;42;0;0;16;0;0;10;0;0;16;nan;nan;3,71047619048;nan;nan;779,2;nan;nan;3,34740125188;C:\Pythons\ML-Trading\Base_Archivos_SPY\runs\multi_agent_runs\EXP_199_260427120343
EXP_203;2026-04-27 14:16:59;EXP_162;run_partial_valid;rejected;TOP_CANDIDATES_NEXT_WEEK;4;;;;;;;;;;0;0;20;0;0;80;0;0;22;0;0;29;0;0;29;nan;nan;1,82;nan;nan;728;nan;nan;1,38705531243;C:\Pythons\ML-Trading\Base_Archivos_SPY\runs\multi_agent_runs\EXP_203_260427135134
EXP_204;2026-04-27 14:41:37;EXP_162;run_partial_valid;rejected;TOP_CANDIDATES_NEXT_WEEK;5;;;;;;;;;;0;0;19;0;0;95;0;0;24;0;0;36;0;0;35;nan;nan;1,23999368421;nan;nan;588,9972;nan;nan;0,978806602873;C:\Pythons\ML-Trading\Base_Archivos_SPY\runs\multi_agent_runs\EXP_204_260427141706
EXP_207;2026-04-27 14:57:06;EXP_162;run_ok;rejected;TOP_SIMILAR_SPY_WEEKS;16;;;;;;;;;;1;1;22;2;2;44;2;2;15;0;0;17;0;0;12;7,02;7,02;1,72454545455;70,2;70,2;379,4;8,95597799414;8,95597799414;1,66004035083;C:\Pythons\ML-Trading\Base_Archivos_SPY\runs\multi_agent_runs\EXP_207_260427144205
EXP_209;2026-04-27 15:23:10;EXP_162;run_ok;rejected;MAX_AVG_PROFILE_DISTANCE;0.19;;;;;;;;;;1;1;25;2;2;50;2;2;18;0;0;11;0;0;21;9,52;9,52;3,44;95,2;95,2;860;11,4559779941;11,4559779941;3,16663022519;C:\Pythons\ML-Trading\Base_Archivos_SPY\runs\multi_agent_runs\EXP_209_260427145720
EXP_210;2026-04-27 16:12:17;EXP_162;run_ok;rejected;MAX_AVG_PROFILE_DISTANCE;0.19;;;;;;;;;;1;1;25;2;2;50;2;2;18;0;0;11;0;0;21;9,52;9,52;3,44;95,2;95,2;860;11,4559779941;11,4559779941;3,16663022519;C:\Pythons\ML-Trading\Base_Archivos_SPY\runs\multi_agent_runs\EXP_210_260427152317
EXP_221;2026-04-27 18:59:32;EXP_193;run_ok;rejected;TOP_CANDIDATES_NEXT_WEEK;5;;;;;;;;;;1;1;20;5;5;100;2;2;26;0;0;36;3;3;38;2,12;2,12;1,283994;53;53;641,9972;-0,824069173108;-0,824069173108;0,888662814074;C:\Pythons\ML-Trading\Base_Archivos_SPY\runs\multi_agent_runs\EXP_221_260427183834
EXP_222;2026-04-27 19:18:37;EXP_193;run_ok;rejected;MAX_AVG_PROFILE_DISTANCE;0.22;;;;;;;;;;3;4;28;9;12;84;5;6;29;2;4;25;2;2;30;2,52;2,60333333333;2,67476190476;113,4;156,2;1123,4;2,52115530561;1,87232441807;2,25710983243;C:\Pythons\ML-Trading\Base_Archivos_SPY\runs\multi_agent_runs\EXP_222_260427185939
EXP_223;2026-04-27 19:42:15;EXP_193;run_ok;rejected;TOP_CANDIDATES_NEXT_WEEK;5;;;;;;;;;;1;1;20;5;5;100;2;2;26;0;0;36;3;3;38;2,12;2,12;1,283994;53;53;641,9972;-0,824069173108;-0,824069173108;0,888662814074;C:\Pythons\ML-Trading\Base_Archivos_SPY\runs\multi_agent_runs\EXP_223_260427191845
EXP_224;2026-04-27 19:56:24;EXP_162;run_ok;rejected;TOP_SIMILAR_SPY_WEEKS;16;;;;;;;;;;1;1;22;2;2;44;2;2;15;0;0;17;0;0;12;7,02;7,02;1,72454545455;70,2;70,2;379,4;8,95597799414;8,95597799414;1,66004035083;C:\Pythons\ML-Trading\Base_Archivos_SPY\runs\multi_agent_runs\EXP_224_260427194221
EXP_225;2026-04-27 20:08:54;EXP_162;run_ok;rejected;TOP_SIMILAR_SPY_WEEKS;16;;;;;;;;;;1;1;22;2;2;44;2;2;15;0;0;17;0;0;12;7,02;7,02;1,72454545455;70,2;70,2;379,4;8,95597799414;8,95597799414;1,66004035083;C:\Pythons\ML-Trading\Base_Archivos_SPY\runs\multi_agent_runs\EXP_225_260427195631
EXP_226;2026-04-27 20:32:15;EXP_162;run_partial_valid;rejected;TOP_CANDIDATES_NEXT_WEEK;4;;;;;;;;;;0;0;20;0;0;80;0;0;22;0;0;29;0;0;29;nan;nan;1,82;nan;nan;728;nan;nan;1,38705531243;C:\Pythons\ML-Trading\Base_Archivos_SPY\runs\multi_agent_runs\EXP_226_260427200901
EXP_227;2026-04-27 20:57:22;EXP_162;run_partial_valid;rejected;TOP_CANDIDATES_NEXT_WEEK;4;;;;;;;;;;0;0;20;0;0;80;0;0;22;0;0;29;0;0;29;nan;nan;1,82;nan;nan;728;nan;nan;1,38705531243;C:\Pythons\ML-Trading\Base_Archivos_SPY\runs\multi_agent_runs\EXP_227_260427203221
EXP_228;2026-04-27 21:20:22;EXP_162;run_partial_valid;rejected;TOP_CANDIDATES_NEXT_WEEK;5;;;;;;;;;;0;0;19;0;0;95;0;0;24;0;0;36;0;0;35;nan;nan;1,23999368421;nan;nan;588,9972;nan;nan;0,978806602873;C:\Pythons\ML-Trading\Base_Archivos_SPY\runs\multi_agent_runs\EXP_228_260427205729
EXP_229;2026-04-27 22:26:42;EXP_162;run_ok;accepted;MIN_SIMILAR_WEEKS_REQUIRED;6;;;;;;;;;;1;1;23;2;2;46;2;2;18;0;0;10;0;0;18;9,52;9,52;3,82434782609;95,2;95,2;879,6;11,4559779941;11,4559779941;3,60193689184;C:\Pythons\ML-Trading\Base_Archivos_SPY\runs\multi_agent_runs\EXP_229_260427220305
EXP_230;2026-04-27 23:31:54;EXP_229;run_ok;rejected;ENABLE_VAR_RET_4W_PCT;True;;;;;;;;;;1;1;23;2;2;46;2;2;16;0;0;17;0;0;13;4,52;4,52;2,30260869565;45,2;45,2;529,6;6,45597799414;6,45597799414;2,08019776141;C:\Pythons\ML-Trading\Base_Archivos_SPY\runs\multi_agent_runs\EXP_230_260427225232
EXP_231;2026-04-27 23:32:26;EXP_229;run_error;rejected;ENABLE_VAR_CLOSE_VS_SMA8W_PCT;True;;;;;;;;;;;;;;;;;;;;;;;;;;;;;;;;;;C:\Pythons\ML-Trading\Base_Archivos_SPY\runs\multi_agent_runs\EXP_231_260427233200
EXP_232;2026-04-27 23:51:46;EXP_229;run_ok;accepted;MIN_SPY_CHANNEL_R2;0.63;;;;;;;;;;1;1;23;2;2;46;2;2;18;0;0;10;0;0;18;9,52;9,52;3,82434782609;95,2;95,2;879,6;11,4559779941;11,4559779941;3,60193689184;C:\Pythons\ML-Trading\Base_Archivos_SPY\runs\multi_agent_runs\EXP_232_260427233232
EXP_233;2026-04-28 00:43:20;EXP_232;run_ok;rejected;ENABLE_VAR_CLOSE_VS_SMA20W_PCT;True;;;;;;;;;;1;1;23;2;2;46;2;2;18;0;0;11;0;0;17;7,02;7,02;3,25913043478;70,2;70,2;749,6;8,95597799414;8,95597799414;3,03671950054;C:\Pythons\ML-Trading\Base_Archivos_SPY\runs\multi_agent_runs\EXP_233_260428002047
EXP_234;2026-04-28 01:04:52;EXP_232;run_ok;rejected;ENABLE_CLOSE_VS_SMA50_FILTER;True;MAX_CLOSE_VS_SMA50_PCT;0.5;;;;;;;;1;1;13;2;2;26;2;2;9;0;0;7;0;0;10;9,52;9,52;3,17384615385;95,2;95,2;412,6;11,4559779941;11,4559779941;2,8613259726;C:\Pythons\ML-Trading\Base_Archivos_SPY\runs\multi_agent_runs\EXP_234_260428004326
EXP_235;2026-04-28 01:25:16;EXP_232;run_partial_valid;rejected;ENABLE_VAR_ATR_14W_PCT;True;;;;;;;;;;0;0;18;0;0;36;0;0;10;0;0;15;0;0;11;nan;nan;0,658888888889;nan;nan;118,6;nan;nan;-0,000499688110832;C:\Pythons\ML-Trading\Base_Archivos_SPY\runs\multi_agent_runs\EXP_235_260428010459
EXP_236;2026-04-28 01:46:05;EXP_193;run_ok;rejected;ENABLE_VAR_VOLUME_RATIO_VS_SMA13W;True;;;;;;;;;;1;1;16;3;3;48;2;2;13;0;0;16;1;1;19;6,52;6,52;1,895;97,8;97,8;454,8;3,57593082689;3,57593082689;1,38142602326;C:\Pythons\ML-Trading\Base_Archivos_SPY\runs\multi_agent_runs\EXP_236_260428012523
EXP_237;2026-04-28 02:06:45;EXP_193;run_ok;rejected;ENABLE_VAR_DIST_TO_HIGH_26W_PCT;True;;;;;;;;;;2;3;17;6;9;51;3;4;16;0;2;19;3;3;16;4,18666666667;3,74222222222;1,69647058824;125,6;168,4;432,6;3,68262107718;2,43035796995;0,985608806475;C:\Pythons\ML-Trading\Base_Archivos_SPY\runs\multi_agent_runs\EXP_237_260428014611
EXP_238;2026-04-28 02:27:11;EXP_193;run_ok;accepted;MIN_SIMILAR_WEEKS_REQUIRED;7;;;;;;;;;;2;3;25;6;9;75;4;5;28;0;2;20;2;2;27;4,85333333333;4,18666666667;3,28;145,6;188,4;1230;4,34928774385;2,87480241439;2,84051911045;C:\Pythons\ML-Trading\Base_Archivos_SPY\runs\multi_agent_runs\EXP_238_260428020652
EXP_239;2026-04-28 11:09:56;EXP_238;run_ok;accepted;TOP_CANDIDATES_NEXT_WEEK;2;;;;;;;;;;2;3;25;4;6;50;3;4;20;0;1;11;1;1;19;6,02;6,35333333333;3,9;120,4;190,6;975;5,51595441052;5,04146908106;3,46051911045;C:\Pythons\ML-Trading\Base_Archivos_SPY\runs\multi_agent_runs\EXP_239_260428103807
EXP_240;2026-04-28 11:53:02;EXP_239;run_ok;accepted;MIN_SPY_CHANNEL_R2;0.6;;;;;;;;;;1;1;23;2;2;46;2;2;18;0;0;10;0;0;18;9,52;9,52;3,82434782609;95,2;95,2;879,6;11,4559779941;11,4559779941;3,60193689184;C:\Pythons\ML-Trading\Base_Archivos_SPY\runs\multi_agent_runs\EXP_240_260428111004
EXP_241;2026-04-28 12:20:10;EXP_240;run_partial_valid;rejected;PROFILE_EXPANSION_FACTOR;0.05;;;;;;;;;;0;0;22;0;0;44;0;0;16;0;0;11;0;0;17;nan;nan;3,65636363636;nan;nan;804,4;nan;nan;3,33584411446;C:\Pythons\ML-Trading\Base_Archivos_SPY\runs\multi_agent_runs\EXP_241_260428115308
EXP_243;2026-04-28 14:04:29;EXP_240;run_ok;accepted;MIN_SIMILAR_WEEKS_REQUIRED;8;;;;;;;;;;1;1;23;2;2;46;2;2;18;0;0;10;0;0;18;9,52;9,52;3,82434782609;95,2;95,2;879,6;11,4559779941;11,4559779941;3,60193689184;C:\Pythons\ML-Trading\Base_Archivos_SPY\runs\multi_agent_runs\EXP_243_260428133948
EXP_244;2026-04-28 14:37:19;EXP_243;run_ok;accepted;MIN_SIMILAR_WEEKS_REQUIRED;9;;;;;;;;;;1;1;23;2;2;46;2;2;18;0;0;10;0;0;18;9,52;9,52;3,82434782609;95,2;95,2;879,6;11,4559779941;11,4559779941;3,60193689184;C:\Pythons\ML-Trading\Base_Archivos_SPY\runs\multi_agent_runs\EXP_244_260428140436
EXP_245;2026-04-28 15:04:58;EXP_244;run_ok;rejected;PROFILE_MODE;p10_p90;ENABLE_AVG_PROFILE_DISTANCE_GATE;False;;;;;;;;1;2;26;2;2;50;2;2;18;0;0;11;0;0;21;9,52;9,52;3,44;95,2;95,2;860;11,4559779941;8,1865468949;3,00011043944;C:\Pythons\ML-Trading\Base_Archivos_SPY\runs\multi_agent_runs\EXP_245_260428143725
EXP_246;2026-04-28 15:34:42;EXP_244;run_ok;rejected;PROFILE_EXPANSION_FACTOR;0.15;;;;;;;;;;1;1;23;2;2;46;2;2;17;0;0;11;0;0;18;12,02;12,02;3,28086956522;120,2;120,2;754,6;13,9559779941;13,9559779941;3,05845863097;C:\Pythons\ML-Trading\Base_Archivos_SPY\runs\multi_agent_runs\EXP_246_260428150504
EXP_247;2026-04-28 16:02:16;EXP_244;run_ok;rejected;PROFILE_MODE;median_iqr;ENABLE_AVG_PROFILE_DISTANCE_GATE;False;;;;;;;;1;2;26;2;2;50;2;2;18;0;0;11;0;0;21;9,52;9,52;3,44;95,2;95,2;860;11,4559779941;8,1865468949;3,00011043944;C:\Pythons\ML-Trading\Base_Archivos_SPY\runs\multi_agent_runs\EXP_247_260428153449
EXP_266;2026-04-28 17:47:38;EXP_244;run_ok;accepted;MIN_SIMILAR_WEEKS_REQUIRED;10;;;;;;;;;;1;1;23;2;2;46;2;2;18;0;0;10;0;0;18;9,52;9,52;3,82434782609;95,2;95,2;879,6;11,4559779941;11,4559779941;3,60193689184;C:\Pythons\ML-Trading\Base_Archivos_SPY\runs\multi_agent_runs\EXP_266_260428172723
EXP_267;2026-04-28 18:07:32;EXP_266;run_ok;accepted;MIN_SIMILAR_WEEKS_REQUIRED;11;;;;;;;;;;1;1;23;2;2;46;2;2;18;0;0;10;0;0;18;9,52;9,52;3,82434782609;95,2;95,2;879,6;11,4559779941;11,4559779941;3,60193689184;C:\Pythons\ML-Trading\Base_Archivos_SPY\runs\multi_agent_runs\EXP_267_260428174744
EXP_268;2026-04-28 18:27:17;EXP_267;run_ok;accepted;MIN_SIMILAR_WEEKS_REQUIRED;12;;;;;;;;;;1;1;23;2;2;46;2;2;18;0;0;10;0;0;18;9,52;9,52;3,82434782609;95,2;95,2;879,6;11,4559779941;11,4559779941;3,60193689184;C:\Pythons\ML-Trading\Base_Archivos_SPY\runs\multi_agent_runs\EXP_268_260428180738
EXP_270;2026-04-29 00:22:50;EXP_268;run_ok;accepted;MIN_SPY_CHANNEL_R2;0.5;;;;;;;;;;3;5;27;6;10;54;3;5;21;1;2;12;2;3;21;3,18666666667;5,32;3,89037037037;95,6;266;1050,4;2,90879252085;4,6531722916;3,50571970282;C:\Pythons\ML-Trading\Base_Archivos_SPY\runs\multi_agent_runs\EXP_270_260428234535
EXP_271;2026-04-29 00:46:48;EXP_270;run_ok;accepted;MAX_AVG_PROFILE_DISTANCE;0.22;;;;;;;;;;5;8;32;10;16;64;5;7;23;3;6;17;2;3;24;1,72;2,52;3,02;86;201,6;966,4;1,4078526261;1,35095166556;2,45366846751;C:\Pythons\ML-Trading\Base_Archivos_SPY\runs\multi_agent_runs\EXP_271_260429002257
EXP_272;2026-04-29 13:03:09;EXP_271;run_ok;accepted;MIN_SPY_CHANNEL_R2;0.6;;;;;;;;;;1;1;25;2;2;50;2;2;18;0;0;11;0;0;21;9,52;9,52;3,44;95,2;95,2;860;11,4559779941;11,4559779941;3,16663022519;C:\Pythons\ML-Trading\Base_Archivos_SPY\runs\multi_agent_runs\EXP_272_260429124009
EXP_273;2026-04-29 13:18:51;EXP_272;run_ok;accepted;TOP_SIMILAR_SPY_WEEKS;20;;;;;;;;;;1;1;25;2;2;50;2;2;19;0;0;14;0;0;17;7,02;7,02;2,96;70,2;70,2;740;8,95597799414;8,95597799414;2,68663022519;C:\Pythons\ML-Trading\Base_Archivos_SPY\runs\multi_agent_runs\EXP_273_260429130316
EXP_274;2026-04-29 13:31:20;EXP_273;run_ok;accepted;MAX_AVG_PROFILE_DISTANCE;0.17;;;;;;;;;;1;1;23;2;2;46;2;2;19;0;0;13;0;0;14;7,02;7,02;3,30260869565;70,2;70,2;759,6;8,95597799414;8,95597799414;3,08019776141;C:\Pythons\ML-Trading\Base_Archivos_SPY\runs\multi_agent_runs\EXP_274_260429131858
EXP_275;2026-04-29 13:41:43;EXP_274;run_ok;rejected;TOP_SIMILAR_SPY_WEEKS;16;;;;;;;;;;1;1;22;2;2;44;2;2;15;0;0;17;0;0;12;7,02;7,02;1,72454545455;70,2;70,2;379,4;8,95597799414;8,95597799414;1,66004035083;C:\Pythons\ML-Trading\Base_Archivos_SPY\runs\multi_agent_runs\EXP_275_260429133127
EXP_276;2026-04-29 13:54:25;EXP_274;run_ok;accepted;TOP_CANDIDATES_NEXT_WEEK;3;;;;;;;;;;1;1;23;3;3;69;3;3;25;0;0;22;0;0;22;7,85333333333;7,85333333333;2,88231884058;117,8;117,8;994,4;9,78931132748;9,78931132748;2,65990790633;C:\Pythons\ML-Trading\Base_Archivos_SPY\runs\multi_agent_runs\EXP_276_260429134149
EXP_277;2026-04-29 14:11:51;EXP_276;run_ok;accepted;TOP_SIMILAR_SPY_WEEKS;28;;;;;;;;;;1;1;23;3;3;69;3;3;26;0;0;18;0;0;25;7,85333333333;7,85333333333;3,36057971014;117,8;117,8;1159,4;9,78931132748;9,78931132748;3,1381687759;C:\Pythons\ML-Trading\Base_Archivos_SPY\runs\multi_agent_runs\EXP_277_260429135432
EXP_278;2026-04-29 14:29:17;EXP_277;run_ok;accepted;MIN_SPY_CHANNEL_R2;0.5;;;;;;;;;;3;5;27;9;15;81;4;6;29;2;4;22;3;5;30;2,07555555556;3,18666666667;3,16197530864;93,4;239;1280,6;1,79768140974;2,51983895826;2,77732464109;C:\Pythons\ML-Trading\Base_Archivos_SPY\runs\multi_agent_runs\EXP_278_260429141157
EXP_279;2026-04-29 14:46:24;EXP_278;run_ok;rejected;MAX_AVG_PROFILE_DISTANCE;0.22;;;;;;;;;;4;7;31;12;21;93;5;7;30;4;9;30;3;5;33;1,02;1,18666666667;2,34795698925;61,2;124,6;1091,8;1,06448366458;0,0989930741451;1,81944287596;C:\Pythons\ML-Trading\Base_Archivos_SPY\runs\multi_agent_runs\EXP_279_260429142923
EXP_280;2026-04-29 15:20:44;EXP_278;run_ok;rejected;MAX_AVG_PROFILE_DISTANCE;0.22;;;;;;;;;;4;7;31;12;21;93;5;7;30;4;9;30;3;5;33;1,02;1,18666666667;2,34795698925;61,2;124,6;1091,8;1,06448366458;0,0989930741451;1,81944287596;C:\Pythons\ML-Trading\Base_Archivos_SPY\runs\multi_agent_runs\EXP_280_260429144630
EXP_281;2026-04-29 15:39:09;EXP_278;run_ok;accepted;TOP_SIMILAR_SPY_WEEKS;20;;;;;;;;;;3;6;28;9;18;84;4;8;30;2;4;26;3;6;28;2,07555555556;3,46444444444;2,82952380952;93,4;311,8;1188,4;1,79768140974;2,02689907054;2,26964160505;C:\Pythons\ML-Trading\Base_Archivos_SPY\runs\multi_agent_runs\EXP_281_260429152051
EXP_282;2026-04-29 15:56:55;EXP_281;run_ok;accepted;TOP_CANDIDATES_NEXT_WEEK;2;;;;;;;;;;3;6;28;6;12;56;3;5;22;1;3;16;2;4;18;2,35333333333;2,35333333333;2,96642857143;70,6;141,2;830,6;2,07545918752;0,915787959427;2,40654636696;C:\Pythons\ML-Trading\Base_Archivos_SPY\runs\multi_agent_runs\EXP_282_260429153916
EXP_283;2026-04-29 16:13:43;EXP_282;run_ok;rejected;MAX_AVG_PROFILE_DISTANCE;0.22;;;;;;;;;;5;8;32;10;16;64;5;7;24;3;5;19;2;4;21;1,22;1,645;2,504375;61;131,6;801,4;0,907852626097;0,475951665562;1,93804346751;C:\Pythons\ML-Trading\Base_Archivos_SPY\runs\multi_agent_runs\EXP_283_260429155702
EXP_284;2026-04-29 16:25:51;EXP_282;run_ok;rejected;TOP_SIMILAR_SPY_WEEKS;16;;;;;;;;;;3;5;26;6;10;52;3;3;16;1;3;20;2;4;16;2,35333333333;0,42;1,27;70,6;21;330,2;2,07545918752;-0,719554133115;0,921813040712;C:\Pythons\ML-Trading\Base_Archivos_SPY\runs\multi_agent_runs\EXP_284_260429161350
EXP_285;2026-04-29 16:43:16;EXP_282;run_ok;rejected;TOP_CANDIDATES_NEXT_WEEK;4;;;;;;;;;;3;4;23;12;16;92;5;6;30;3;6;38;4;4;24;2,35333333333;1,3325;1,659925;141,2;106,6;763,5653;2,07545918752;-0,198689034718;1,25371779006;C:\Pythons\ML-Trading\Base_Archivos_SPY\runs\multi_agent_runs\EXP_285_260429162558
EXP_286;2026-04-29 16:58:31;EXP_162;run_ok;rejected;TOP_SIMILAR_SPY_WEEKS;16;;;;;;;;;;1;1;22;2;2;44;2;2;15;0;0;17;0;0;12;7,02;7,02;1,72454545455;70,2;70,2;379,4;8,95597799414;8,95597799414;1,66004035083;C:\Pythons\ML-Trading\Base_Archivos_SPY\runs\multi_agent_runs\EXP_286_260429164323
EXP_288;2026-04-29 19:47:20;EXP_162;run_partial_valid;rejected;TOP_CANDIDATES_NEXT_WEEK;4;;;;;;;;;;0;0;20;0;0;80;0;0;22;0;0;29;0;0;29;nan;nan;1,82;nan;nan;728;nan;nan;1,38705531243;C:\Pythons\ML-Trading\Base_Archivos_SPY\runs\multi_agent_runs\EXP_288_260429192050
EXP_289;2026-04-29 20:10:19;EXP_162;run_partial_valid;rejected;TOP_CANDIDATES_NEXT_WEEK;5;;;;;;;;;;0;0;19;0;0;95;0;0;24;0;0;36;0;0;35;nan;nan;1,23999368421;nan;nan;588,9972;nan;nan;0,978806602873;C:\Pythons\ML-Trading\Base_Archivos_SPY\runs\multi_agent_runs\EXP_289_260429194727
EXP_290;2026-04-29 20:33:05;EXP_162;run_ok;rejected;TOP_SIMILAR_SPY_WEEKS;16;;;;;;;;;;1;1;22;2;2;44;2;2;15;0;0;17;0;0;12;7,02;7,02;1,72454545455;70,2;70,2;379,4;8,95597799414;8,95597799414;1,66004035083;C:\Pythons\ML-Trading\Base_Archivos_SPY\runs\multi_agent_runs\EXP_290_260429201026
EXP_291;2026-04-29 20:45:41;EXP_162;run_ok;rejected;TOP_SIMILAR_SPY_WEEKS;16;;;;;;;;;;1;1;22;2;2;44;2;2;15;0;0;17;0;0;12;7,02;7,02;1,72454545455;70,2;70,2;379,4;8,95597799414;8,95597799414;1,66004035083;C:\Pythons\ML-Trading\Base_Archivos_SPY\runs\multi_agent_runs\EXP_291_260429203312
EXP_292;2026-04-29 21:06:35;EXP_162;run_partial_valid;rejected;TOP_CANDIDATES_NEXT_WEEK;4;;;;;;;;;;0;0;20;0;0;80;0;0;22;0;0;29;0;0;29;nan;nan;1,82;nan;nan;728;nan;nan;1,38705531243;C:\Pythons\ML-Trading\Base_Archivos_SPY\runs\multi_agent_runs\EXP_292_260429204548
EXP_293;2026-04-29 21:27:29;EXP_162;run_partial_valid;rejected;TOP_CANDIDATES_NEXT_WEEK;5;;;;;;;;;;0;0;19;0;0;95;0;0;24;0;0;36;0;0;35;nan;nan;1,23999368421;nan;nan;588,9972;nan;nan;0,978806602873;C:\Pythons\ML-Trading\Base_Archivos_SPY\runs\multi_agent_runs\EXP_293_260429210642
EXP_294;2026-04-29 21:50:13;EXP_162;run_partial_valid;rejected;TOP_CANDIDATES_NEXT_WEEK;5;;;;;;;;;;0;0;19;0;0;95;0;0;24;0;0;36;0;0;35;nan;nan;1,23999368421;nan;nan;588,9972;nan;nan;0,978806602873;C:\Pythons\ML-Trading\Base_Archivos_SPY\runs\multi_agent_runs\EXP_294_260429212735
EXP_295;2026-04-29 22:20:33;EXP_162;run_partial_valid;rejected;MAX_AVG_PROFILE_DISTANCE;0.15;;;;;;;;;;0;0;21;0;0;42;0;0;16;0;0;10;0;0;16;nan;nan;3,71047619048;nan;nan;779,2;nan;nan;3,34740125188;C:\Pythons\ML-Trading\Base_Archivos_SPY\runs\multi_agent_runs\EXP_295_260429215020
EXP_296;2026-04-29 22:45:33;EXP_162;run_partial_valid;rejected;MAX_AVG_PROFILE_DISTANCE;0.15;;;;;;;;;;0;0;21;0;0;42;0;0;16;0;0;10;0;0;16;nan;nan;3,71047619048;nan;nan;779,2;nan;nan;3,34740125188;C:\Pythons\ML-Trading\Base_Archivos_SPY\runs\multi_agent_runs\EXP_296_260429222039
EXP_297;2026-04-29 23:14:26;EXP_162;run_partial_valid;rejected;MAX_AVG_PROFILE_DISTANCE;0.15;;;;;;;;;;0;0;21;0;0;42;0;0;16;0;0;10;0;0;16;nan;nan;3,71047619048;nan;nan;779,2;nan;nan;3,34740125188;C:\Pythons\ML-Trading\Base_Archivos_SPY\runs\multi_agent_runs\EXP_297_260429224539
EXP_305;2026-04-30 00:02:19;EXP_282;run_ok;rejected;ENABLE_CLOSE_VS_SMA50_FILTER;True;MAX_CLOSE_VS_SMA50_PCT;0.5;;;;;;;;3;5;15;6;10;30;3;5;10;2;2;9;1;3;11;1,35333333333;3,32;2,72;40,6;166;408;1,07545918752;2,6531722916;2,1424702464;C:\Pythons\ML-Trading\Base_Archivos_SPY\runs\multi_agent_runs\EXP_305_260429234148
EXP_306;2026-04-30 00:25:47;EXP_282;run_ok;accepted;MIN_SPY_CHANNEL_R2;0.47;;;;;;;;;;4;7;29;8;14;58;4;6;23;1;3;16;3;5;19;3,02;2,73428571429;3,03724137931;120,8;191,4;880,8;2,4399882691;1,28975761006;2,44540944099;C:\Pythons\ML-Trading\Base_Archivos_SPY\runs\multi_agent_runs\EXP_306_260430000226
EXP_307;2026-04-30 00:37:25;EXP_306;run_ok;accepted;TOP_CANDIDATES_NEXT_WEEK;3;;;;;;;;;;3;6;28;9;18;84;4;8;30;2;4;26;3;6;28;2,07555555556;3,46444444444;2,82952380952;93,4;311,8;1188,4;1,79768140974;2,02689907054;2,26964160505;C:\Pythons\ML-Trading\Base_Archivos_SPY\runs\multi_agent_runs\EXP_307_260430002553
EXP_308;2026-04-30 00:49:19;EXP_307;run_ok;rejected;MIN_SPY_CHANNEL_R2;0.44;;;;;;;;;;4;7;29;12;21;87;4;8;30;5;7;29;3;6;28;0,186666666667;2,18666666667;2,54298850575;11,2;229,6;1106,2;0,378458267827;1,1831690379;2,05761219943;C:\Pythons\ML-Trading\Base_Archivos_SPY\runs\multi_agent_runs\EXP_308_260430003732
EXP_332;2026-04-30 01:08:35;EXP_307;run_ok;accepted;TOP_SIMILAR_SPY_WEEKS;28;;;;;;;;;;3;5;27;9;15;81;4;6;29;2;4;22;3;5;30;2,07555555556;3,18666666667;3,16197530864;93,4;239;1280,6;1,79768140974;2,51983895826;2,77732464109;C:\Pythons\ML-Trading\Base_Archivos_SPY\runs\multi_agent_runs\EXP_332_260430005233
EXP_333;2026-04-30 01:24:42;EXP_332;run_ok;accepted;TOP_CANDIDATES_NEXT_WEEK;2;;;;;;;;;;4;6;28;8;12;56;4;6;22;1;2;12;3;4;22;3,645;5,27;3,93071428571;145,8;316,2;1100,6;3,0649882691;4,46657282864;3,50671455322;C:\Pythons\ML-Trading\Base_Archivos_SPY\runs\multi_agent_runs\EXP_333_260430010842
EXP_338;2026-04-30 01:39:29;EXP_333;run_ok;rejected;MAX_AVG_PROFILE_DISTANCE;0.19;;;;;;;;;;5;8;32;10;16;64;5;7;23;2;5;16;3;4;25;2,82;3,2075;3,191875;141;256,6;1021,4;2,55830203444;2,06998254577;2,63342618756;C:\Pythons\ML-Trading\Base_Archivos_SPY\runs\multi_agent_runs\EXP_338_260430012525
EXP_346;2026-04-30 01:58:44;EXP_333;run_ok;rejected;ENABLE_CLOSE_VS_SMA50_FILTER;True;MAX_CLOSE_VS_SMA50_PCT;0.5;;;;;;;;3;5;17;6;10;34;3;4;11;2;3;10;1;3;13;2,18666666667;2,82;2,69647058824;65,6;141;458,4;1,90879252085;2,1531722916;2,14747771221;C:\Pythons\ML-Trading\Base_Archivos_SPY\runs\multi_agent_runs\EXP_346_260430014036
EXP_347;2026-04-30 01:58:46;EXP_333;run_ok;rejected;ENABLE_CLOSE_VS_SMA50_FILTER;True;MAX_CLOSE_VS_SMA50_PCT;0.5;;;;;;;;3;5;17;6;10;34;3;4;11;2;3;10;1;3;13;2,18666666667;2,82;2,69647058824;65,6;141;458,4;1,90879252085;2,1531722916;2,14747771221;C:\Pythons\ML-Trading\Base_Archivos_SPY\runs\multi_agent_runs\EXP_347_260430014040
EXP_349;2026-04-30 02:17:12;EXP_162;run_ok;rejected;MIN_SPY_CHANNEL_R2;0.63;;;;;;;;;;1;1;23;2;2;46;2;2;18;0;0;10;0;0;18;9,52;9,52;3,82434782609;95,2;95,2;879,6;11,4559779941;11,4559779941;3,60193689184;C:\Pythons\ML-Trading\Base_Archivos_SPY\runs\multi_agent_runs\EXP_349_260430015853
EXP_350;2026-04-30 02:28:47;EXP_162;run_ok;rejected;MIN_SPY_CHANNEL_R2;0.63;;;;;;;;;;1;1;23;2;2;46;2;2;18;0;0;10;0;0;18;9,52;9,52;3,82434782609;95,2;95,2;879,6;11,4559779941;11,4559779941;3,60193689184;C:\Pythons\ML-Trading\Base_Archivos_SPY\runs\multi_agent_runs\EXP_350_260430015859
EXP_391;2026-04-30 02:41:26;EXP_333;run_ok;accepted;MIN_SPY_CHANNEL_R2;0.44;;;;;;;;;;5;7;29;10;14;58;5;7;23;2;3;13;3;4;22;3,82;5,16285714286;3,95103448276;191;361,4;1145,8;3,6761483837;4,70288940199;3,59685504593;C:\Pythons\ML-Trading\Base_Archivos_SPY\runs\multi_agent_runs\EXP_391_260430022311
EXP_392;2026-04-30 02:47:01;EXP_333;run_ok;accepted;MIN_SPY_CHANNEL_R2;0.44;;;;;;;;;;5;7;29;10;14;58;5;7;23;2;3;13;3;4;22;3,82;5,16285714286;3,95103448276;191;361,4;1145,8;3,6761483837;4,70288940199;3,59685504593;C:\Pythons\ML-Trading\Base_Archivos_SPY\runs\multi_agent_runs\EXP_392_260430022854
EXP_393;2026-04-30 02:53:52;EXP_391;run_ok;rejected;TOP_SIMILAR_SPY_WEEKS;20;;;;;;;;;;5;8;30;10;16;60;4;6;23;3;5;18;3;5;19;1,32;1,7075;2,75333333333;66;136,6;826;1,1761483837;0,643636514062;2,23458875436;C:\Pythons\ML-Trading\Base_Archivos_SPY\runs\multi_agent_runs\EXP_393_260430024132
EXP_394;2026-04-30 03:00:23;EXP_392;run_ok;rejected;TOP_SIMILAR_SPY_WEEKS;20;;;;;;;;;;5;8;30;10;16;60;4;6;23;3;5;18;3;5;19;1,32;1,7075;2,75333333333;66;136,6;826;1,1761483837;0,643636514062;2,23458875436;C:\Pythons\ML-Trading\Base_Archivos_SPY\runs\multi_agent_runs\EXP_394_260430024707
EXP_395;2026-04-30 03:12:02;EXP_392;run_ok;accepted;TOP_CANDIDATES_NEXT_WEEK;3;;;;;;;;;;4;6;28;12;18;84;5;7;30;4;6;24;3;5;30;1,85333333333;2,85333333333;3,09142857143;111,2;256,8;1298,4;2,04512493449;2,56444171668;2,7776864578;C:\Pythons\ML-Trading\Base_Archivos_SPY\runs\multi_agent_runs\EXP_395_260430025359
EXP_396;2026-04-30 03:18:38;EXP_392;run_ok;accepted;TOP_CANDIDATES_NEXT_WEEK;3;;;;;;;;;;4;6;28;12;18;84;5;7;30;4;6;24;3;5;30;1,85333333333;2,85333333333;3,09142857143;111,2;256,8;1298,4;2,04512493449;2,56444171668;2,7776864578;C:\Pythons\ML-Trading\Base_Archivos_SPY\runs\multi_agent_runs\EXP_396_260430030030
EXP_398;2026-04-30 03:30:57;EXP_395;run_ok;rejected;MIN_SPY_CHANNEL_R2;0.41;;;;;;;;;;4;7;30;12;21;90;5;8;31;4;8;28;3;5;31;1,85333333333;2,13904761905;2,69777777778;111,2;224,6;1214;2,04512493449;1,08112575691;2,19471484012;C:\Pythons\ML-Trading\Base_Archivos_SPY\runs\multi_agent_runs\EXP_398_260430031218
EXP_400;2026-04-30 03:49:42;EXP_396;run_ok;rejected;MIN_SPY_CHANNEL_R2;0.41;;;;;;;;;;4;7;30;12;21;90;5;8;31;4;8;28;3;5;31;1,85333333333;2,13904761905;2,69777777778;111,2;224,6;1214;2,04512493449;1,08112575691;2,19471484012;C:\Pythons\ML-Trading\Base_Archivos_SPY\runs\multi_agent_runs\EXP_400_260430031854
EXP_542;2026-04-30 09:50:35;EXP_396;run_ok;rejected;MAX_AVG_PROFILE_DISTANCE;0.22;;;;;;;;;;6;9;33;18;27;99;8;10;33;6;11;32;4;6;34;1,68666666667;1,59407407407;2,38868686869;151,8;215,2;1182,4;1,73538316905;0,760812874995;1,89566950032;C:\Pythons\ML-Trading\Base_Archivos_SPY\runs\multi_agent_runs\EXP_542_260430093254
EXP_548;2026-04-30 10:07:26;EXP_396;run_partial_valid;rejected;TOP_CANDIDATES_NEXT_WEEK;4;;;;;;;;;;2;;24;8;;96;1;;25;2;;33;5;;38;-0,48;;1,79083333333;-19,2;;859,6;-1,8648002158;;1,21045790469;C:\Pythons\ML-Trading\Base_Archivos_SPY\runs\multi_agent_runs\EXP_548_260430095117
EXP_554;2026-04-30 10:24:13;EXP_396;run_partial_valid;rejected;TOP_CANDIDATES_NEXT_WEEK;5;;;;;;;;;;2;;22;10;;110;2;;27;3;;39;5;;44;-0,48;;1,22363090909;-24;;672,9972;-1,8648002158;;0,891577749831;C:\Pythons\ML-Trading\Base_Archivos_SPY\runs\multi_agent_runs\EXP_554_260430100814
EXP_555;2026-04-30 10:41:07;EXP_392;run_ok;rejected;MIN_SPY_CHANNEL_R2;0.41;;;;;;;;;;5;8;31;10;16;62;5;7;23;2;5;17;3;4;22;3,82;3,8325;3,34258064516;191;306,6;1036,2;3,6761483837;2,72101530986;2,80779636723;C:\Pythons\ML-Trading\Base_Archivos_SPY\runs\multi_agent_runs\EXP_555_260430102420
EXP_561;2026-04-30 10:51:45;EXP_392;run_ok;rejected;TOP_SIMILAR_SPY_WEEKS;16;;;;;;;;;;5;7;28;10;14;56;5;5;18;2;4;21;3;5;17;3,32;1,66285714286;1,52;166;116,4;425,6;3,1761483837;0,865227670052;1,20076797909;C:\Pythons\ML-Trading\Base_Archivos_SPY\runs\multi_agent_runs\EXP_561_260430104155
EXP_567;2026-04-30 12:26:06;EXP_396;run_ok;rejected;ENABLE_CLOSE_VS_SMA50_FILTER;True;MAX_CLOSE_VS_SMA50_PCT;0.5;;;;;;;;3;5;16;9;15;48;4;5;11;3;5;19;2;5;18;1,40888888889;1,52;0,8325;63,4;114;199,8;1,13101474307;0,853172291597;0,129205231005;C:\Pythons\ML-Trading\Base_Archivos_SPY\runs\multi_agent_runs\EXP_567_260430120604
EXP_573;2026-04-30 12:40:59;EXP_396;run_ok;rejected;MAX_AVG_PROFILE_DISTANCE;0.19;;;;;;;;;;6;9;32;18;27;96;8;10;33;6;11;30;4;6;33;1,68666666667;1,59407407407;2,57208333333;151,8;215,2;1234,6;1,73538316905;0,760812874995;2,07274119185;C:\Pythons\ML-Trading\Base_Archivos_SPY\runs\multi_agent_runs\EXP_573_260430122655
EXP_574;2026-04-30 13:01:48;EXP_392;run_ok;rejected;MAX_AVG_PROFILE_DISTANCE;0.22;;;;;;;;;;7;10;34;14;20;68;7;9;25;4;7;18;3;4;25;2,59142857143;2,97;3,12294117647;181,4;297;1061,8;2,38480392663;2,04619776804;2,59328692106;C:\Pythons\ML-Trading\Base_Archivos_SPY\runs\multi_agent_runs\EXP_574_260430124106
EXP_602;2026-04-30 13:15:15;EXP_396;run_ok;rejected;TOP_SIMILAR_SPY_WEEKS;16;;;;;;;;;;4;6;26;12;18;78;5;7;26;3;5;28;4;6;24;1,93666666667;2,35333333333;1,87897435897;116,2;211,8;732,8;2,12845826783;1,67050302942;1,57031219251;C:\Pythons\ML-Trading\Base_Archivos_SPY\runs\multi_agent_runs\EXP_602_260430130541
EXP_615;2026-04-30 13:33:24;EXP_396;run_partial_valid;rejected;MAX_AVG_PROFILE_DISTANCE;0.15;;;;;;;;;;2;;19;6;;57;1;;16;2;;16;3;;25;-0,813333333333;;2,50245614035;-24,4;;713,2;-2,19813354913;;2,06033914327;C:\Pythons\ML-Trading\Base_Archivos_SPY\runs\multi_agent_runs\EXP_615_260430131644
EXP_1278;2026-04-30 21:43:42;BASELINE_CLEAN;run_ok;accepted;TOP_CANDIDATES_NEXT_WEEK;4;;;;;;;;;;3;4;26;12;16;104;6;8;37;2;3;38;4;5;29;3,18666666667;3,5825;2,20558269231;191,2;286,6;1146,9026;3,18782197227;2,85149108474;1,82191095604;C:\Pythons\ML-Trading\Base_Archivos_SPY\runs\multi_agent_runs\EXP_1278_260430213253
EXP_1279;2026-04-30 21:59:19;EXP_1278;run_ok;rejected;TOP_SIMILAR_SPY_WEEKS;28;;;;;;;;;;3;4;27;12;16;108;6;7;33;3;5;37;3;4;38;1,85333333333;1,9575;1,77;111,2;156,6;955,8;1,85448863894;1,22649108474;1,34764320753;C:\Pythons\ML-Trading\Base_Archivos_SPY\runs\multi_agent_runs\EXP_1279_260430214348
EXP_1280;2026-04-30 22:18:21;EXP_1278;run_ok;accepted;TOP_CANDIDATES_NEXT_WEEK;2;;;;;;;;;;3;4;27;6;8;54;4;6;23;1;1;15;1;1;16;3,02;5,27;3,24222222222;90,6;210,8;875,4;3,02115530561;4,53899108474;2,86199667513;C:\Pythons\ML-Trading\Base_Archivos_SPY\runs\multi_agent_runs\EXP_1280_260430215925
EXP_1281;2026-04-30 23:07:55;EXP_1280;run_ok;accepted;MAX_AVG_PROFILE_DISTANCE;0.17;;;;;;;;;;2;3;25;4;6;50;3;5;22;0;0;13;1;1;15;4,77;7,18666666667;3,62;95,4;215,6;905;4,26595441052;5,87480241439;3,18051911045;C:\Pythons\ML-Trading\Base_Archivos_SPY\runs\multi_agent_runs\EXP_1281_260430224450
EXP_1282;2026-04-30 23:26:00;EXP_1281;run_ok;rejected;MIN_SPY_CHANNEL_R2;0.52;;;;;;;;;;3;6;28;6;12;56;3;5;22;1;3;16;2;4;18;2,35333333333;2,35333333333;2,96642857143;70,6;141,2;830,6;2,07545918752;0,915787959427;2,40654636696;C:\Pythons\ML-Trading\Base_Archivos_SPY\runs\multi_agent_runs\EXP_1282_260430230803
EXP_1283;2026-04-30 23:39:21;BASELINE_CLEAN;run_ok;accepted;TOP_CANDIDATES_NEXT_WEEK;3;;;;;;;;;;3;4;27;9;12;81;5;7;29;2;2;26;2;3;26;2,52;3,93666666667;2,6187654321;113,4;236,2;1060,6;2,52115530561;3,20565775141;2,23853988501;C:\Pythons\ML-Trading\Base_Archivos_SPY\runs\multi_agent_runs\EXP_1283_260430232748
EXP_1284;2026-04-30 23:54:51;EXP_1283;run_ok;accepted;MIN_SPY_CHANNEL_R2;0.5;;;;;;;;;;4;7;30;12;21;90;5;9;31;4;6;30;3;6;29;1,02;2,66285714286;2,45333333333;61,2;279,6;1104;1,06448366458;1,57518355034;1,9548076914;C:\Pythons\ML-Trading\Base_Archivos_SPY\runs\multi_agent_runs\EXP_1284_260430233928
EXP_1285;2026-05-01 00:05:49;EXP_1284;run_ok;accepted;MAX_AVG_PROFILE_DISTANCE;0.18;;;;;;;;;;3;6;28;9;18;84;4;8;30;2;4;26;3;6;28;2,07555555556;3,46444444444;2,82952380952;93,4;311,8;1188,4;1,79768140974;2,02689907054;2,26964160505;C:\Pythons\ML-Trading\Base_Archivos_SPY\runs\multi_agent_runs\EXP_1285_260430235458
EXP_1286;2026-05-01 00:18:36;EXP_1285;run_ok;accepted;TOP_CANDIDATES_NEXT_WEEK;2;;;;;;;;;;4;7;29;8;14;58;4;6;23;2;4;17;2;4;18;1,645;1,94857142857;2,8475862069;65,8;136,4;825,8;1,68948366458;0,86089783605;2,3418915645;C:\Pythons\ML-Trading\Base_Archivos_SPY\runs\multi_agent_runs\EXP_1286_260501000601
EXP_1287;2026-05-01 00:37:01;EXP_1286;run_ok;accepted;MIN_SPY_CHANNEL_R2;0.47;;;;;;;;;;5;8;30;10;16;60;5;7;24;2;4;17;3;5;19;2,32;2,3325;2,92;116;186,6;876;2,05830203444;1,19498254577;2,38161436281;C:\Pythons\ML-Trading\Base_Archivos_SPY\runs\multi_agent_runs\EXP_1287_260501001843
EXP_1288;2026-05-01 00:50:26;EXP_1287;run_ok;accepted;MAX_AVG_PROFILE_DISTANCE;0.17;;;;;;;;;;4;7;29;8;14;58;4;6;23;1;3;16;3;5;19;3,02;2,73428571429;3,03724137931;120,8;191,4;880,8;2,4399882691;1,28975761006;2,44540944099;C:\Pythons\ML-Trading\Base_Archivos_SPY\runs\multi_agent_runs\EXP_1288_260501003708
EXP_1289;2026-05-01 01:06:29;EXP_1288;run_ok;rejected;MIN_SPY_CHANNEL_R2;0.44;;;;;;;;;;5;8;30;10;16;60;4;6;23;3;5;18;3;5;19;1,32;1,7075;2,75333333333;66;136,6;826;1,1761483837;0,643636514062;2,23458875436;C:\Pythons\ML-Trading\Base_Archivos_SPY\runs\multi_agent_runs\EXP_1289_260501005033
EXP_1290;2026-05-01 01:36:04;BASELINE_CLEAN;run_ok;accepted;MAX_AVG_PROFILE_DISTANCE;0.18;;;;;;;;;;2;3;23;10;15;115;6;8;36;0;2;43;4;5;36;4,92;4,18666666667;1,64063565217;246;314;943,3653;4,41595441052;2,87480241439;1,16889905859;C:\Pythons\ML-Trading\Base_Archivos_SPY\runs\multi_agent_runs\EXP_1290_260501010811
EXP_1291;2026-05-02 15:30:58;EXP_185;run_ok;accepted;MAX_CLOSE_VS_SMA50_PCT;0.75;;;;;;;;;;1;1;12;2;2;24;2;2;7;0;0;7;0;0;10;7,02;7,02;2,645;70,2;70,2;317,4;8,95597799414;8,95597799414;2,3339717735;C:\Pythons\ML-Trading\Base_Archivos_SPY\runs\multi_agent_runs\EXP_1291_260502151153
EXP_1292;2026-05-02 15:54:06;EXP_1291;run_ok;accepted;MIN_SPY_CHANNEL_R2;0.5;;;;;;;;;;3;5;16;6;10;32;3;5;10;2;2;9;1;3;13;1,35333333333;3,32;2,5825;40,6;166;413,2;1,07545918752;2,6531722916;2,01984654662;C:\Pythons\ML-Trading\Base_Archivos_SPY\runs\multi_agent_runs\EXP_1292_260502154235
EXP_1293;2026-05-02 16:16:40;EXP_1292;run_ok;accepted;MAX_CLOSE_VS_SMA50_PCT;0.9;;;;;;;;;;3;5;16;6;10;32;3;5;11;2;2;8;1;3;13;1,35333333333;3,32;2,895;40,6;166;463,2;1,07545918752;2,6531722916;2,33234654662;C:\Pythons\ML-Trading\Base_Archivos_SPY\runs\multi_agent_runs\EXP_1293_260502155423
EXP_1294;2026-05-02 16:33:26;EXP_1293;run_ok;rejected;MIN_SPY_CHANNEL_R2;0.47;;;;;;;;;;3;5;16;6;10;32;3;5;11;2;2;8;1;3;13;1,35333333333;3,32;2,895;40,6;166;463,2;1,07545918752;2,6531722916;2,33234654662;C:\Pythons\ML-Trading\Base_Archivos_SPY\runs\multi_agent_runs\EXP_1294_260502161651
EXP_1295;2026-05-02 16:45:07;EXP_1293;run_ok;rejected;MAX_CLOSE_VS_SMA50_PCT;1.05;;;;;;;;;;3;5;16;6;10;32;3;5;11;2;2;8;1;3;13;1,35333333333;3,32;2,895;40,6;166;463,2;1,07545918752;2,6531722916;2,33234654662;C:\Pythons\ML-Trading\Base_Archivos_SPY\runs\multi_agent_runs\EXP_1295_260502163801
EXP_1320;2026-05-02 17:17:42;EXP_1293;run_ok;rejected;TOP_SIMILAR_SPY_WEEKS;28;;;;;;;;;;3;5;18;6;10;36;3;4;9;2;3;11;1;3;16;2,18666666667;2,82;1,90888888889;65,6;141;343,6;1,90879252085;2,1531722916;1,37153400875;C:\Pythons\ML-Trading\Base_Archivos_SPY\runs\multi_agent_runs\EXP_1320_260502170024
EXP_1327;2026-05-02 17:28:38;EXP_1293;run_ok;rejected;TOP_CANDIDATES_NEXT_WEEK;3;;;;;;;;;;2;4;15;6;12;45;4;6;14;0;0;13;2;6;18;4,85333333333;4,60333333333;2,36444444444;145,6;276,2;532;4,34928774385;3,72618151245;1,7526495114;C:\Pythons\ML-Trading\Base_Archivos_SPY\runs\multi_agent_runs\EXP_1327_260502172138
EXP_1335;2026-05-02 17:39:40;EXP_1293;run_ok;accepted;MIN_SPY_CHANNEL_R2;0.6;;;;;;;;;;1;1;12;2;2;24;2;2;8;0;0;6;0;0;10;7,02;7,02;3,06166666667;70,2;70,2;367,4;8,95597799414;8,95597799414;2,75063844017;C:\Pythons\ML-Trading\Base_Archivos_SPY\runs\multi_agent_runs\EXP_1335_260502173312
EXP_1336;2026-05-02 17:46:38;EXP_1335;run_ok;rejected;MAX_CLOSE_VS_SMA50_PCT;1.05;;;;;;;;;;1;1;12;2;2;24;2;2;8;0;0;6;0;0;10;7,02;7,02;3,06166666667;70,2;70,2;367,4;8,95597799414;8,95597799414;2,75063844017;C:\Pythons\ML-Trading\Base_Archivos_SPY\runs\multi_agent_runs\EXP_1336_260502173955
EXP_1339;2026-05-02 17:55:05;EXP_1335;run_ok;rejected;MIN_SPY_CHANNEL_R2;0.63;;;;;;;;;;1;1;12;2;2;24;2;2;8;0;0;6;0;0;10;7,02;7,02;3,06166666667;70,2;70,2;367,4;8,95597799414;8,95597799414;2,75063844017;C:\Pythons\ML-Trading\Base_Archivos_SPY\runs\multi_agent_runs\EXP_1339_260502174806
EXP_1361;2026-05-02 18:28:10;EXP_1335;run_ok;rejected;TOP_SIMILAR_SPY_WEEKS;28;;;;;;;;;;1;1;14;2;2;28;2;2;7;0;0;8;0;0;13;9,52;9,52;2,12714285714;95,2;95,2;297,8;11,4559779941;11,4559779941;1,81269490669;C:\Pythons\ML-Trading\Base_Archivos_SPY\runs\multi_agent_runs\EXP_1361_260502181824
EXP_1368;2026-05-02 18:39:11;EXP_1335;run_ok;rejected;TOP_CANDIDATES_NEXT_WEEK;3;;;;;;;;;;1;1;12;3;3;36;3;3;11;0;0;13;0;0;12;7,85333333333;7,85333333333;2,07555555556;117,8;117,8;373,6;9,78931132748;9,78931132748;1,76452732906;C:\Pythons\ML-Trading\Base_Archivos_SPY\runs\multi_agent_runs\EXP_1368_260502183207
EXP_1377;2026-05-02 18:50:48;EXP_1335;run_ok;accepted;MAX_CLOSE_VS_SMA50_PCT;0.6;;;;;;;;;;1;1;11;2;2;22;2;2;7;0;0;7;0;0;8;7,02;7,02;2,83818181818;70,2;70,2;312,2;8,95597799414;8,95597799414;2,52974274838;C:\Pythons\ML-Trading\Base_Archivos_SPY\runs\multi_agent_runs\EXP_1377_260502184417
EXP_1378;2026-05-02 18:58:04;EXP_1377;run_ok;accepted;MAX_CLOSE_VS_SMA50_PCT;0.3;;;;;;;;;;1;1;8;2;2;16;2;2;7;0;0;4;0;0;5;7,02;7,02;4,8325;70,2;70,2;386,6;8,95597799414;8,95597799414;4,88023090978;C:\Pythons\ML-Trading\Base_Archivos_SPY\runs\multi_agent_runs\EXP_1378_260502185105
EXP_1380;2026-05-02 19:11:29;EXP_1378;run_ok;accepted;MIN_SPY_CHANNEL_R2;0.5;;;;;;;;;;3;5;12;6;10;24;3;5;10;2;2;6;1;3;8;1,35333333333;3,32;4,02;40,6;166;482,4;1,07545918752;2,6531722916;3,61264422851;C:\Pythons\ML-Trading\Base_Archivos_SPY\runs\multi_agent_runs\EXP_1380_260502185854
EXP_1381;2026-05-02 19:18:33;EXP_1380;run_ok;rejected;MIN_SPY_CHANNEL_R2;0.47;;;;;;;;;;3;5;12;6;10;24;3;5;10;2;2;6;1;3;8;1,35333333333;3,32;4,02;40,6;166;482,4;1,07545918752;2,6531722916;3,61264422851;C:\Pythons\ML-Trading\Base_Archivos_SPY\runs\multi_agent_runs\EXP_1381_260502191144
EXP_1382;2026-05-02 19:25:50;EXP_1380;run_ok;accepted;MAX_CLOSE_VS_SMA50_PCT;0.15;;;;;;;;;;3;5;12;6;10;24;2;4;9;2;2;6;2;4;9;0,686666666667;2,92;3,85333333333;20,6;146;462,4;0,40879252085;2,2531722916;3,44597756184;C:\Pythons\ML-Trading\Base_Archivos_SPY\runs\multi_agent_runs\EXP_1382_260502191846
EXP_1386;2026-05-02 19:34:28;EXP_1382;run_ok;rejected;MAX_CLOSE_VS_SMA50_PCT;0.1;;;;;;;;;;3;5;12;6;10;24;2;4;9;2;2;6;2;4;9;0,686666666667;2,92;3,85333333333;20,6;146;462,4;0,40879252085;2,2531722916;3,44597756184;C:\Pythons\ML-Trading\Base_Archivos_SPY\runs\multi_agent_runs\EXP_1386_260502192753
EXP_1422;2026-05-02 20:45:30;EXP_1382;run_ok;accepted;MIN_SPY_CHANNEL_R2;0.6;;;;;;;;;;1;1;8;2;2;16;2;2;7;0;0;4;0;0;5;7,02;7,02;4,8325;70,2;70,2;386,6;8,95597799414;8,95597799414;4,88023090978;C:\Pythons\ML-Trading\Base_Archivos_SPY\runs\multi_agent_runs\EXP_1422_260502203814
EXP_1426;2026-05-02 20:58:48;EXP_1422;run_ok;rejected;MIN_SPY_CHANNEL_R2;0.63;;;;;;;;;;1;1;8;2;2;16;2;2;7;0;0;4;0;0;5;7,02;7,02;4,8325;70,2;70,2;386,6;8,95597799414;8,95597799414;4,88023090978;C:\Pythons\ML-Trading\Base_Archivos_SPY\runs\multi_agent_runs\EXP_1426_260502205157
EXP_1427;2026-05-02 21:07:19;EXP_1422;run_ok;rejected;MAX_CLOSE_VS_SMA50_PCT;0.1;;;;;;;;;;1;1;8;2;2;16;2;2;7;0;0;4;0;0;5;7,02;7,02;4,8325;70,2;70,2;386,6;8,95597799414;8,95597799414;4,88023090978;C:\Pythons\ML-Trading\Base_Archivos_SPY\runs\multi_agent_runs\EXP_1427_260502210024
EXP_1537;2026-05-03 13:24:55;EXP_1422;run_ok;rejected;MIN_SPY_CHANNEL_R2;0.57;;;;;;;;;;2;3;10;4;6;20;2;4;9;0;0;4;2;2;7;3,77;6,52;5,12;75,4;195,6;512;3,26595441052;5,20813574772;4,57102765273;C:\Pythons\ML-Trading\Base_Archivos_SPY\runs\multi_agent_runs\EXP_1537_260503131236
EXP_1538;2026-05-03 13:32:54;EXP_1422;run_ok;rejected;TOP_CANDIDATES_NEXT_WEEK;3;;;;;;;;;;1;1;8;3;3;24;3;3;9;0;0;9;0;0;6;7,85333333333;7,85333333333;3,10333333333;117,8;117,8;372,4;9,78931132748;9,78931132748;3,15106424311;C:\Pythons\ML-Trading\Base_Archivos_SPY\runs\multi_agent_runs\EXP_1538_260503132544
EXP_1540;2026-05-03 22:15:29;EXP_392;run_ok;rejected;MAX_AVG_PROFILE_DISTANCE;0.21;;;;;;;;;;7;10;34;14;20;68;7;9;25;4;7;18;3;4;25;2,59142857143;2,97;3,12294117647;181,4;297;1061,8;2,38480392663;2,04619776804;2,59328692106;C:\Pythons\ML-Trading\Base_Archivos_SPY\runs\multi_agent_runs\EXP_1540_260503213709
EXP_1542;2026-05-03 23:02:35;EXP_392;run_ok;rejected;TOP_SIMILAR_SPY_WEEKS;32.0;;;;;;;;;;5;8;30;10;16;60;4;6;20;3;5;17;3;5;23;1,32;2,645;2,32;66;211,6;696;1,1761483837;1,58113651406;1,80125542102;C:\Pythons\ML-Trading\Base_Archivos_SPY\runs\multi_agent_runs\EXP_1542_260503223200
EXP_1543;2026-05-04 01:00:10;EXP_392;run_ok;rejected;MIN_SPY_CHANNEL_R2;0.43;;;;;;;;;;5;8;30;10;16;60;5;7;23;2;5;15;3;4;22;3,82;3,8325;3,63666666667;191;306,6;1091;3,6761483837;2,72101530986;3,1052230999;C:\Pythons\ML-Trading\Base_Archivos_SPY\runs\multi_agent_runs\EXP_1543_260504004531
EXP_1544;2026-05-04 09:44:17;EXP_392;run_ok;rejected;MIN_SPY_CHANNEL_R2;0.42;;;;;;;;;;5;8;31;10;16;62;5;7;23;2;5;17;3;4;22;3,82;3,8325;3,34258064516;191;306,6;1036,2;3,6761483837;2,72101530986;2,80779636723;C:\Pythons\ML-Trading\Base_Archivos_SPY\runs\multi_agent_runs\EXP_1544_260504092144
EXP_1546;2026-05-05 00:37:29;EXP_392;run_partial_valid;rejected;TOP_SIMILAR_SPY_WEEKS;24;;;;;;;;;;4;;28;8;;56;2;;22;3;;15;3;;19;-0,105;;3,34142857143;-4,2;;935,6;-0,768809018914;;2,90545779778;C:\Pythons\ML-Trading\Base_Archivos_SPY\runs\multi_agent_runs\EXP_1546_260505002433
